region,landclass,metric_id,1975,1990,2005,2010,2015,2020,2025,2030,2035,2040,2045,2050,2055,2060,2065,2070,2075,2080,2085,2090,2095,2100
Africa_Northern,Other Arable Land,75,0.123657,0.150823,0.116395,0.128595,0.121928,0.148839275,0.152724343,0.146691651,0.136912755,0.141811932,0.154296118,0.162884918,0.436968902,0.157834132,0.419161142,0.150452718,0.398218356,0.145245971,0.394884496,0.145079574,0.395325056,0.14622166
Africa_Northern,Other Land,75,35.6489,35.5774,35.6813,35.6562,35.6562,1.29371648,1.25174335,1.276330036,1.27752563,1.261473335,1.254462011,1.249111686,0,1.206293234,0,1.180591985,0,1.139867661,0,1.10533929,0,1.084557644
Africa_Northern,Built-up Area,75,0.0155451,0.0245702,0.0333203,0.0365903,0.0365903,0.008167961,0.00970769,0.009753794,0.010889518,0.010923814,0.011657909,0.011680838,0.028666912,0.011749237,0.028098392,0.011549433,0.026935532,0.011121011,0.025264836,0.010505491,0.023282677,0.009775222
Africa_Southern,Forest,198,0.0983305,0.142673,0.174687,0.182412,0.189779,0.441486575,0.458192913,0.471250341,0.485815131,0.500127984,0.511736805,0.523081298,0.375342214,0.53698139,0.392425642,0.550503369,0.409288206,0.564482903,0.42495638,0.573307743,0.43899667,0.581711322
Africa_Southern,Forest,199,0.0313946,0.0400439,0.0464714,0.0483797,0.0497364,0.121049395,0.125630037,0.1292102,0.13320366,0.137128042,0.140311018,0.143421518,0.102913543,0.147232727,0.107597579,0.150940263,0.112221056,0.154773254,0.116517048,0.157192901,0.120366698,0.159497044
Africa_Southern,Other Arable Land,198,1.74268,0.513972,0.12872,0.137472,0.13056,0.345120556,0.342663689,0.345008582,0.314678019,0.319436979,0.356627768,0.393843033,0.81782811,0.400150402,0.82927906,0.385227029,0.80725718,0.387014974,0.801022122,0.379343894,0.766405769,0.379781448
Africa_Southern,Other Arable Land,199,0.914067,2.05913,4.59594,4.29141,4.0848,2.073964999,2.059200721,2.073292102,1.891023837,1.919622293,2.143116358,2.366757506,4.914650388,2.404660963,4.983463649,2.314980551,4.851125516,2.325725015,4.813656602,2.279626483,4.605633341,2.282255912
Africa_Southern,Other Arable Land,194,2.53611,1.82699,0.112806,0.112793,0.11297,0.611532439,0.607179022,0.611334028,0.557590133,0.566022717,0.631922513,0.697865678,1.449141206,0.709041948,1.469431587,0.682598647,1.430410166,0.685766776,1.419362026,0.672174094,1.358023974,0.672949411
Africa_Southern,Pasture,198,0.487534,0.514525,0.667325,0.697796,0.885819,11.45365233,10.99382899,10.72950667,10.56236361,10.40357448,10.27536351,10.14232584,11.20790598,10.07620072,11.16794555,10.00508006,11.13610441,9.941170063,11.11583836,9.888734365,11.09092146,9.836307934
Africa_Southern,Pasture,199,1.97036,2.19357,3.01087,3.1415,3.95424,50.24588194,48.22868876,47.06913654,46.33589877,45.63930874,45.0768617,44.49324044,49.16782039,44.20315696,48.99251849,43.89115864,48.85283499,43.6107927,48.76393011,43.3807632,48.6546225,43.15077436
Africa_Southern,Pasture,194,3.73681,4.14706,5.45266,5.70406,7.43562,93.22145636,89.47894696,87.32762345,85.96724346,84.67485621,83.63134518,82.54854949,91.22132295,82.01035605,90.89608438,81.43150387,90.63692883,80.91133942,90.47198313,80.48456446,90.26918412,80.05786491
Africa_Southern,Other Land,198,0.07773,0.07921,0.07676,0.07611,0.07611,0.013608063,0.027519473,0.034652119,0.038157974,0.041381908,0.043241792,0.044965155,0.026437528,0.044543521,0.025058846,0.043680278,0.022112694,0.042149308,0.019851513,0.042588149,0.018789469,0.043304682
Africa_Southern,Other Land,194,14.5,14.5037,14.5636,14.5633,14.5633,2.563285486,5.18371115,6.527253553,7.187634584,7.794911617,8.145249028,8.469870555,4.979910385,8.390449565,4.720214595,8.227844509,4.165262166,7.939462969,3.739334368,8.022125455,3.539282093,8.157095294
Africa_Southern,Built-up Area,198,0.030035,0.0671,0.10949,0.12928,0.12928,0.154604747,0.164483374,0.16876437,0.177046282,0.180719997,0.187359205,0.190297116,0.164743158,0.202615414,0.174417754,0.212019322,0.181696733,0.218306719,0.185933646,0.221325798,0.18719253,0.222045161
Africa_Southern,Built-up Area,199,0.08723,0.39152,0.66654,0.74438,0.74438,0.875429416,0.93136587,0.955606455,1.002501715,1.023303649,1.060897308,1.07753285,0.93283686,1.147283619,0.987618015,1.200532035,1.028834288,1.236133612,1.052825262,1.253228755,1.059953533,1.257302052
Africa_Southern,Built-up Area,194,0.06821,0.15562,0.31308,0.3722,0.3722,0.425844789,0.453054575,0.46484619,0.487657969,0.497776883,0.516063981,0.524156191,0.453770125,0.558085827,0.480417926,0.583988042,0.500467213,0.60130611,0.512137407,0.609621889,0.51560489,0.611603308
Argentina,Forest,212,0.139099,0.188961,0.251838,0.271042,0.300766,6.262534656,6.26581183,6.392976968,6.447941356,6.490067806,6.540912017,6.600601465,4.991952538,6.621661303,5.054155981,6.644158169,5.102431035,6.671996753,5.133102604,6.673779994,5.141784186,6.69438973
Argentina,Forest,210,0.000562001,0.000746601,0.000834002,0.000727201,0.000783239,0.019863849,0.019874244,0.020277594,0.020451933,0.020585552,0.020746822,0.020936148,0.015833748,0.021002947,0.016031048,0.021074304,0.016184169,0.021162604,0.016281455,0.02116826,0.016308992,0.021233631
Argentina,Forest,215,0.190912,0.277403,0.369599,0.322951,0.356222,8.249336127,8.253652991,8.42116152,8.493563468,8.549054618,8.616029255,8.694655298,6.575659327,8.722396411,6.657596935,8.752030453,6.721187345,8.788700882,6.76158953,8.79104986,6.77302536,8.818198076
Argentina,Forest,203,0.174431,0.241393,0.348284,0.366879,0.39705,8.308878019,8.313226041,8.48194361,8.554868139,8.610759812,8.678217858,8.757411406,6.623120988,8.785352749,6.705650004,8.815200682,6.769699395,8.85213579,6.810393194,8.854501722,6.821911566,8.881845888
Argentina,Forest,213,0.578559,0.800762,1.09481,1.14464,1.25522,26.5028901,26.51675902,27.05491871,27.28752662,27.46580471,27.68097614,27.93358039,21.12581835,28.0227051,21.38906176,28.11791127,21.59336058,28.23572346,21.7231619,28.24327009,21.75990213,28.33048998
Argentina,Forest,209,0.0023399,0.00299091,0.00271471,0.0020491,0.00214749,0.06656789,0.066602725,0.067954432,0.068538679,0.068986464,0.069526914,0.070161386,0.053062181,0.070385242,0.053723375,0.070624374,0.054236517,0.070920285,0.054562542,0.07093924,0.054654823,0.071158313
Argentina,Forest,214,0.0275632,0.0406746,0.0529589,0.0441713,0.0488415,1.164788946,1.165398478,1.18905033,1.199273333,1.207108567,1.216565246,1.227667078,0.928469294,1.231584065,0.940038713,1.235768329,0.949017545,1.240946117,0.954722249,1.241277788,0.956336964,1.245111059
Argentina,Forest,206,3.01811,4.1886,6.00169,6.2997,6.78957,2964.872348,3058.650525,3135.811192,3216.656812,3271.262943,3306.636243,3339.911047,3482.165423,3384.870282,3521.535596,3434.446164,3559.944004,3483.111649,3601.556405,3528.498645,3642.912889,3568.126209
Argentina,Forest,205,0.0400095,0.0550257,0.075663,0.0813662,0.090326,1.861787423,1.862761693,1.900566587,1.916906936,1.929430699,1.944546162,1.962291223,1.484056371,1.968552098,1.502548817,1.975240186,1.516900496,1.983516311,1.52601884,1.984046451,1.528599785,1.990173514
Argentina,Other Arable Land,212,10.2618,6.81958,0.392201,0.43131,0.434709,8.12202389,8.328970858,8.4041123,8.495896719,8.56243594,8.768084123,9.106296127,9.949962155,9.287157619,10.387165,9.393167667,10.90362694,9.560509908,11.34141712,9.586698868,11.44745252,9.637794608
Argentina,Other Arable Land,210,3.82084,4.65276,20.3408,40.0988,38.6648,47.64286495,48.85679224,49.29756336,49.83596029,50.22627176,51.43258052,53.41649353,58.36534214,54.4774064,60.92992411,55.09924923,63.95943091,56.08085972,66.52745814,56.23448117,67.14944966,56.53420294
Argentina,Other Arable Land,215,3.12011,2.79548,0.173695,0.275086,0.271821,2.938957772,3.01384162,3.041031583,3.074243814,3.098321058,3.17273494,3.295117097,3.600398005,3.360561904,3.758600039,3.398921685,3.94548201,3.459474545,4.103896572,3.468951031,4.142265525,3.487440046
Argentina,Other Arable Land,203,1.84247,1.81928,2.04041,2.56312,2.48509,4.760995985,4.882304873,4.926351543,4.98015405,5.01915824,5.139705801,5.337960081,5.832503143,5.443978094,6.088784215,5.50611943,6.391525658,5.604212682,6.648151017,5.619564217,6.710307211,5.649515694
Argentina,Other Arable Land,213,3.10308,2.81376,0.110362,0.138869,0.138223,2.791970734,2.863109392,2.888939494,2.920490671,2.943363733,3.01405593,3.130317348,3.420330144,3.192489043,3.570619969,3.228930324,3.748155352,3.286454735,3.898647076,3.29545727,3.93509707,3.313021588
Argentina,Other Arable Land,209,2.2627,2.86603,5.02074,6.28633,5.95766,9.917349184,10.17004055,10.26179157,10.37386439,10.45511171,10.70621721,11.11918897,12.14934238,11.34002883,12.68318632,11.46947177,13.31380912,11.67380402,13.84837023,11.70578189,13.97784412,11.76817205
Argentina,Other Arable Land,214,0.173275,0.155462,0.0023699,0.00753671,0.00753607,0.153311939,0.157218285,0.158636661,0.160369191,0.16162519,0.165507021,0.171891136,0.18781624,0.175305091,0.196068914,0.177306145,0.205817689,0.18046491,0.214081449,0.180959255,0.216082982,0.181923742
Argentina,Other Arable Land,206,36.7998,15.4662,10.0461,12.6264,12.2193,269.5490256,262.6538735,236.1439862,202.086841,188.558382,189.3059797,190.6385201,268.8787419,176.6796313,251.9991061,169.5420539,245.0500617,167.8647848,246.2889218,169.7597096,249.6882958,173.2828864
Argentina,Other Arable Land,205,0.739321,0.318266,0.187591,0.231325,0.23306,0.757110925,0.776401907,0.783406369,0.791962239,0.798164828,0.81733474,0.848861858,0.927505897,0.865721228,0.968260647,0.87560317,1.016403694,0.891202316,1.057213193,0.893643573,1.067097498,0.898406566
Argentina,Pasture,212,5.73118,2.54625,4.76692,5.20331,5.46119,70.60655854,68.44116033,66.14235642,64.28347963,62.59368211,61.36924283,60.28324322,99.08297708,58.84996808,99.6057831,57.90169502,100.0678418,57.06213866,100.4477405,56.18145845,100.7292216,55.56730025
Argentina,Pasture,210,11.4725,5.14465,9.86953,9.26114,9.50093,134.7538373,130.6211374,126.2338304,122.6861319,119.4611241,117.1242606,115.0516116,189.1015743,112.3161812,190.0993586,110.5063857,190.9812057,108.9040779,191.7062488,107.2232845,192.2434603,106.0511529
Argentina,Pasture,215,38.1296,16.9754,31.7322,34.473,35.9079,468.2061332,453.846947,438.603121,426.2765393,415.0711558,406.9516554,399.750176,657.0389285,390.2458435,660.5057592,383.9576563,663.5697626,378.390391,666.0889459,372.5504254,667.9555031,368.4778202
Argentina,Pasture,203,2.42521,1.091,2.10911,2.12367,2.18658,29.58879933,28.68135483,27.71800455,26.93901272,26.23087624,25.71775552,25.26265014,41.52229461,24.66201344,41.74138477,24.26462456,41.93501783,23.91279514,42.09422037,23.54373212,42.2121795,23.28635937
Argentina,Pasture,213,7.81377,3.47948,6.57061,7.16455,7.4528,96.73123983,93.76463647,90.61526682,88.06859891,85.75357021,84.07608399,82.58826061,135.7440359,80.6246685,136.460282,79.32553099,137.0933042,78.17533575,137.6137667,76.96880069,137.9993968,76.12740173
Argentina,Pasture,209,6.35044,2.83731,5.3294,5.27994,5.30193,74.74657881,72.45421233,70.0206179,68.05274574,66.26386683,64.96763247,63.8179552,104.892714,62.30063988,105.4461748,61.29676477,105.9353264,60.40798097,106.3375004,59.47566201,106.6354862,58.8254926
Argentina,Pasture,214,10.3467,4.60274,8.57528,9.31209,9.7091,126.704597,122.8187554,118.693515,115.3577309,112.3253623,110.1280864,108.1792428,177.8059849,105.6072077,178.7441687,103.9055165,179.5733405,102.3989192,180.2550746,100.8185245,180.760197,99.71640781
Argentina,Pasture,206,25.3751,11.541,22.9888,24.1896,24.8334,567.1085481,524.4707272,502.6108528,487.0263836,473.1353003,463.7526512,453.9906495,476.5431692,448.594228,474.5217024,441.9697746,471.5817024,436.0939469,468.2380212,430.3634235,464.6843125,424.6820063
Argentina,Pasture,205,3.01321,1.3394,2.49766,2.73158,2.8678,37.07589957,35.93883684,34.73172202,33.7556154,32.86829325,32.22533332,31.65506884,52.02902653,30.90244804,52.3035549,30.40450454,52.54618454,29.96364879,52.74567143,29.50119868,52.89347874,29.17870076
Argentina,Other Land,212,58.202,58.3182,58.2767,58.0671,58.0671,271.5443741,286.9512587,301.19814,311.3690995,321.092897,329.1352488,338.8571911,68.02208466,349.3653188,68.02208466,362.2884304,68.02208466,373.4549946,68.02208466,383.3159131,68.02208466,390.4034682
Argentina,Other Land,215,7.05129,7.32975,7.15661,6.19445,6.19445,31.6657923,33.46244601,35.12382745,36.3099006,37.44382854,38.38167688,39.51538847,7.932306502,40.74078006,7.932306502,42.24779183,7.932306502,43.54996611,7.932306502,44.69988424,7.932306502,45.52639022
Argentina,Other Land,203,3.90936,3.91113,3.90123,3.88446,3.88446,18.19184556,19.22401449,20.17847014,20.85986347,21.51129962,22.05008899,22.70140086,4.557071981,23.40538243,4.557071981,24.27115346,4.557071981,25.01924633,4.557071981,25.67986877,4.557071981,26.15469248
Argentina,Other Land,213,0.354086,0.356401,0.356721,0.346421,0.346421,1.64276585,1.735973098,1.822162657,1.883694055,1.942520251,1.99117418,2.049989153,0.41151417,2.113560322,0.41151417,2.191741453,0.41151417,2.259295975,0.41151417,2.318951714,0.41151417,2.361829396
Argentina,Other Land,209,0.0470751,0.0472801,0.0459601,0.0437501,0.0437501,0.212634598,0.224699059,0.235855173,0.243819609,0.251433892,0.257731508,0.265344339,0.053265138,0.273572797,0.053265138,0.283692324,0.053265138,0.292436375,0.053265138,0.300158032,0.053265138,0.305707988
Argentina,Other Land,214,0.197165,0.19818,0.19575,0.19007,0.19007,0.90651498,0.957948826,1.005510155,1.039464558,1.07192617,1.098774498,1.131229916,0.227082733,1.166309911,0.227082733,1.20945201,0.227082733,1.246730108,0.227082733,1.27964948,0.227082733,1.303310346
Argentina,Other Land,206,2.61515,2.62729,2.63732,2.61652,2.61652,5.921900939,7.821495025,8.743391663,8.680723019,8.635928858,8.389736847,8.187196928,3.789068088,7.396481251,2.717022761,6.589087956,1.52705416,5.707996576,0.072604475,4.628434579,-1.461978962,3.731647721
Argentina,Other Land,205,18.6495,18.7143,18.7746,18.67,18.67,87.24929586,92.19964638,96.7772789,100.0452864,103.1696173,105.7536868,108.8774217,21.85601896,112.2537639,21.85601896,116.4060591,21.85601896,119.993962,21.85601896,123.162351,21.85601896,125.439637
Argentina,Built-up Area,212,0.21344,0.306581,0.410211,0.443071,0.443071,0.254966652,0.258543383,0.26194662,0.265163334,0.26816316,0.270898803,0.273231744,0.405787271,0.277349421,0.405787271,0.279940361,0.405787271,0.280958966,0.405787271,0.280978262,0.405787271,0.280978262
Argentina,Built-up Area,210,0.13146,0.2544,0.413661,0.465531,0.465531,0.242924064,0.246331859,0.249574354,0.252639136,0.255497274,0.258103707,0.260326459,0.386621122,0.26424965,0.386621122,0.266718215,0.386621122,0.267688709,0.386621122,0.267707093,0.386621122,0.267707093
Argentina,Built-up Area,215,0.0400501,0.0714701,0.10866,0.11718,0.11718,0.063804367,0.064699429,0.065551075,0.066356045,0.067106739,0.067791323,0.068375132,0.101546613,0.069405564,0.101546613,0.070053936,0.101546613,0.070308838,0.101546613,0.070313666,0.101546613,0.070313666
Argentina,Built-up Area,203,0.361321,0.493241,0.629291,0.674731,0.674731,0.397715911,0.403295162,0.408603783,0.413621453,0.418300803,0.422568062,0.426207158,0.632977109,0.432630216,0.632977109,0.436671756,0.632977109,0.438260652,0.632977109,0.43829075,0.632977109,0.43829075
Argentina,Built-up Area,213,0.0552901,0.10074,0.15659,0.16926,0.16926,0.091401337,0.092683536,0.09390354,0.095056679,0.096132067,0.09711275,0.097949071,0.145468039,0.09942519,0.145468039,0.100353999,0.145468039,0.100719152,0.145468039,0.100726069,0.145468039,0.100726069
Argentina,Built-up Area,209,0.0397001,0.0728901,0.11793,0.13264,0.13264,0.069596084,0.070572394,0.071501346,0.072379386,0.073198223,0.073944948,0.074581751,0.110764309,0.075705718,0.110764309,0.076412945,0.110764309,0.076690985,0.110764309,0.076696252,0.110764309,0.076696252
Argentina,Built-up Area,214,0.000780001,0.00207,0.00341001,0.00387001,0.00387001,0.001965202,0.00199277,0.002019001,0.002043794,0.002066916,0.002088002,0.002105983,0.003127679,0.002137721,0.003127679,0.002157691,0.003127679,0.002165542,0.003127679,0.002165691,0.003127679,0.002165691
Argentina,Built-up Area,206,2.10271,2.84844,3.63461,3.89069,3.89069,16.40316327,17.13968455,17.18455327,17.60189632,17.62905623,17.7604471,17.77441297,24.4779201,17.67076416,24.13768131,17.44717867,23.68396896,17.14902484,23.1748875,16.8144856,22.65444243,16.47247884
Argentina,Built-up Area,205,0.0581951,0.0918302,0.13455,0.14643,0.14643,0.081055303,0.082192366,0.083274273,0.084296885,0.085250546,0.086120222,0.086861877,0.129002009,0.088170909,0.129002009,0.088994583,0.129002009,0.089318403,0.129002009,0.089324537,0.129002009,0.089324537
Australia_NZ,Forest,189,10.8787,14.4156,22.8475,23.2213,25.0007,677.7610788,695.6178872,731.2820471,756.1831319,777.5640982,795.7526803,813.7718134,,840.8155659,,864.891887,,883.393927,,896.6688519,,906.6764714
Australia_NZ,Forest,184,0.344719,0.454116,0.690147,0.693832,0.788713,20.89981243,21.45045477,22.55021437,23.31807788,23.97739309,24.53826618,25.09391406,,25.92785005,,26.67028069,,27.24081975,,27.65017261,,27.95877305
Australia_NZ,Forest,202,0.139044,0.161196,0.234564,0.286278,0.3099,7.954601006,8.164178968,8.582754439,8.875008155,9.125947699,9.339419553,9.550902653,,9.868303973,,10.15087778,,10.36802856,,10.52383085,,10.64128614
Australia_NZ,Forest,191,0.357733,0.450186,0.678918,0.836558,0.897033,22.65042221,23.24718744,24.43906509,25.27124637,25.98578713,26.59364007,27.19583011,,28.09961823,,28.90423634,,29.52256488,,29.96620596,,30.30065538
Australia_NZ,Forest,193,0.00286561,0.00367943,0.00545053,0.00616994,0.00697251,0.176804688,0.181462918,0.190766478,0.197262319,0.202839882,0.207584661,0.212285237,,0.219340027,,0.225620716,,0.230447266,,0.233910239,,0.236520885
Australia_NZ,Forest,208,3.27551,4.18765,6.26595,6.74645,7.21484,194.7564892,199.8876917,210.135885,217.2912795,223.4351583,228.6616968,233.8395437,,241.6106395,,248.5290359,,253.8456474,,257.6602332,,260.5359498
Australia_NZ,Forest,211,1.44619,1.95526,3.05071,3.24537,3.54201,93.11842117,95.57178984,100.4717323,103.8929227,106.8304797,109.3294312,111.8051019,,115.520676,,118.8285511,,121.370569,,123.1944271,,124.5693861
Australia_NZ,Other Arable Land,189,74.826,71.614,47.6625,34.095,32.7031,1.440867931,1.440867931,1.440867931,1.440867931,1.440867931,1.440867931,1.440867931,,1.440867931,,1.440867931,,1.440867931,,1.440867931,,1.440867931
Australia_NZ,Other Arable Land,184,11.6435,12.9558,13.1933,11.3367,11.1947,0.333149548,0.333149548,0.333149548,0.333149548,0.333149548,0.333149548,0.333149548,,0.333149548,,0.333149548,,0.333149548,,0.333149548,,0.333149548
Australia_NZ,Other Arable Land,202,24.2137,29.2472,25.3271,19.1848,18.6038,0.643814098,0.643814098,0.643814098,0.643814098,0.643814098,0.643814098,0.643814098,,0.643814098,,0.643814098,,0.643814098,,0.643814098,,0.643814098
Australia_NZ,Other Arable Land,191,34.0226,42.7229,39.8552,34.4297,33.1639,1.017244345,1.017244345,1.017244345,1.017244345,1.017244345,1.017244345,1.017244345,,1.017244345,,1.017244345,,1.017244345,,1.017244345,,1.017244345
Australia_NZ,Other Arable Land,193,23.6093,29.0505,31.5886,25.5296,25.4598,0.746873748,0.746873748,0.746873748,0.746873748,0.746873748,0.746873748,0.746873748,,0.746873748,,0.746873748,,0.746873748,,0.746873748,,0.746873748
Australia_NZ,Other Arable Land,208,100.143,112.047,93.7386,63.6023,60.8745,2.376987014,2.376987014,2.376987014,2.376987014,2.376987014,2.376987014,2.376987014,,2.376987014,,2.376987014,,2.376987014,,2.376987014,,2.376987014
Australia_NZ,Other Arable Land,211,5.03567,4.33343,4.24218,3.56131,3.40377,0.113636447,0.113636447,0.113636447,0.113636447,0.113636447,0.113636447,0.113636447,,0.113636447,,0.113636447,,0.113636447,,0.113636447,,0.113636447
Australia_NZ,Pasture,189,10.3071,8.66901,12.1648,11.8931,12.1267,197.6865559,185.2999128,172.415598,166.6145846,161.7383919,157.4750064,153.1050043,,152.0673076,,153.527382,,154.5825156,,155.0999722,,154.7715556
Australia_NZ,Pasture,184,41.4844,34.6693,47.7175,46.6662,49.5173,788.6384306,739.2239282,687.8240454,664.6818437,645.2290643,628.2209801,610.7875659,,606.6478432,,612.4725729,,616.6818575,,618.7461665,,617.4360017
Australia_NZ,Pasture,202,12.192,10.1975,14.0561,13.7463,14.0951,230.3936193,215.9576172,200.9416041,194.1808181,188.4978638,183.529105,178.43609,,177.2267073,,178.9283496,,180.1580542,,180.7611235,,180.3783706
Australia_NZ,Pasture,191,17.7491,14.8437,20.4591,20.0082,20.3655,334.821381,313.8421448,292.0200029,282.1948363,273.9360371,266.7151486,259.3136834,,257.5561383,,260.0290637,,261.8161418,,262.6925571,,262.1363185
Australia_NZ,Pasture,193,84.0762,70.2658,96.6938,94.5623,99.9488,1596.763932,1496.713906,1392.644062,1345.78782,1306.401587,1271.965153,1236.667549,,1228.285812,,1240.079199,,1248.601779,,1252.781406,,1250.128702
Australia_NZ,Pasture,208,16.7919,14.0841,19.5824,19.1504,19.4286,319.0948223,299.1009807,278.3038247,268.9401462,261.0692627,254.1875393,247.1337209,,245.4587277,,247.8154998,,249.5186389,,250.353889,,249.8237768
Australia_NZ,Pasture,211,1.06831,0.900903,1.25092,1.2233,1.26078,20.44292436,19.16201172,17.82963446,17.22974703,16.72549606,16.28461597,15.83271056,,15.72540152,,15.87638897,,15.98550119,,16.03901179,,16.00504996
Australia_NZ,Other Land,184,0.440277,0.446153,0.451712,0.461753,0.461753,62.62399606,66.62437019,70.46895261,71.45441651,72.79954656,74.09324375,75.41506437,,74.94315737,,73.380255,,72.26814113,,71.47582858,,71.16884245
Australia_NZ,Other Land,202,1.94937,1.97778,2.00466,2.05325,2.05325,277.9562009,295.7118356,312.7759898,317.1499649,323.1203159,328.8623825,334.7292748,,332.6347186,,325.6977866,,320.7616763,,317.2450022,,315.8824463
Australia_NZ,Other Land,191,0.362582,0.367853,0.372832,0.382663,0.382663,51.74048334,55.0456268,58.22205382,59.03625255,60.14761055,61.21647428,62.30857383,,61.91868021,,60.62739685,,59.70855882,,59.05394339,,58.80030881
Australia_NZ,Other Land,193,14.0391,14.1551,14.2644,14.4607,14.4607,1976.479469,2102.735503,2224.074585,2255.176867,2297.630592,2338.461042,2380.179097,,2365.285214,,2315.958364,,2280.858875,,2255.852655,,2246.163848
Australia_NZ,Built-up Area,189,4.45111,6.08849,8.32659,9.17767,9.17767,7.236978831,7.62218091,8.003309808,8.381248502,8.760914478,9.145385395,9.531876228,,10.2986865,,11.04764537,,11.77805808,,12.46529983,,13.13975076
Australia_NZ,Built-up Area,184,0.0641303,0.0974307,0.142121,0.146551,0.146551,0.116032661,0.122208722,0.128319476,0.134379081,0.14046638,0.146630718,0.152827442,,0.165121942,,0.177130225,,0.188841152,,0.199859906,,0.210673581
Australia_NZ,Built-up Area,202,0.536747,0.699785,0.883575,0.969806,0.969806,0.789330811,0.831344457,0.872913846,0.914135281,0.95554511,0.997479009,1.039633218,,1.123268529,,1.204956804,,1.284622265,,1.359579108,,1.433140869
Australia_NZ,Built-up Area,191,0.516067,0.802026,1.11525,1.21515,1.21515,0.945637684,0.995971064,1.045772211,1.095156502,1.144766493,1.195004334,1.245506111,,1.345703266,,1.443567824,,1.539009002,,1.62880914,,1.716937934
Australia_NZ,Built-up Area,193,0.0318251,0.0519804,0.0813104,0.0921706,0.0921706,0.067944913,0.071561412,0.075139669,0.078687974,0.082252497,0.08586213,0.089490728,,0.096689983,,0.103721639,,0.110579173,,0.117031394,,0.123363526
Australia_NZ,Built-up Area,208,0.469547,0.741146,1.30479,1.60062,1.60062,1.111501954,1.170663778,1.229200016,1.287246281,1.345557834,1.404607361,1.46396712,,1.581738794,,1.696768735,,1.808950237,,1.914501265,,2.018087795
Australia_NZ,Built-up Area,211,0.165736,0.211292,0.266481,0.295912,0.295912,0.240185687,0.252970031,0.265619192,0.278162474,0.290763082,0.303523159,0.316350275,,0.341799687,,0.366656634,,0.390898059,,0.413706697,,0.436090825
Brazil,Forest,168,49.2566,76.2145,100.735,107.109,115.43,3427.338454,3535.744319,3624.940646,3718.396711,3781.520404,3822.411295,3860.876362,4025.319831,3912.848419,4070.831035,3970.157237,4115.230454,4026.413651,4163.333633,4078.880193,4211.140975,4124.688934
Brazil,Forest,186,0.0525213,0.0765411,0.120203,0.122603,0.133347,3.85863638,3.980684091,4.081104926,4.186321548,4.257388758,4.303425377,4.346730907,4.531868021,4.405243153,4.583106377,4.46976374,4.633093041,4.533099488,4.687249547,4.592168445,4.741072988,4.643741781
Brazil,Forest,172,2.10638,3.16806,4.27753,4.51871,4.79596,144.0959707,148.6536905,152.4037815,156.3329652,158.9868817,160.7060619,162.323253,169.236968,164.50832,171.1504006,166.9177609,173.0170903,169.2829556,175.0394976,171.4888122,177.049467,173.4147543
Brazil,Forest,195,4.10289,5.70487,6.88135,7.00711,7.43543,237.7712897,245.2919366,251.4799236,257.9634295,262.3426299,265.1794317,267.8479422,279.2561927,271.4534989,282.4135283,275.4292928,285.4937339,279.3320764,288.8308875,282.9719378,292.1475175,286.1499151
Brazil,Forest,156,0.0209576,0.0326544,0.0431399,0.0459252,0.0497364,1.469578582,1.516060988,1.554306703,1.594378915,1.621445173,1.638978421,1.655471522,1.725981804,1.677756168,1.745496156,1.702329116,1.764533797,1.726450814,1.785159539,1.748947485,1.805658433,1.768589416
Brazil,Forest,187,0.591302,0.901017,1.16041,1.22301,1.31516,39.6460435,40.90003802,41.93182449,43.01288586,43.74307482,44.21608384,44.66103195,46.56324645,45.26222336,47.08970136,45.92514822,47.60329561,46.57589931,48.15973342,47.18281071,48.71274912,47.71270743
Brazil,Forest,206,4.68104,5.94672,5.77861,5.58058,5.91415,213.0976203,219.8378452,225.383701,231.1944096,235.1191778,237.6616029,240.0532005,250.27761,243.2846064,253.107307,246.8478298,255.8678778,250.3456192,258.858733,253.6077701,261.8311943,256.4559667
Brazil,Forest,192,0.745524,1.02959,1.24808,1.25589,1.35272,43.01350235,44.37400877,45.4934332,46.66631785,47.45852766,47.97171316,48.4544543,50.51823925,49.10670975,51.08941023,49.82594218,51.64662819,50.53196682,52.25032877,51.19042812,52.85031656,51.76533324
Brazil,Forest,174,3.55286,5.24389,6.82197,7.17972,7.66749,232.6867824,240.0466076,246.1022705,252.4471329,256.7326884,259.5088279,262.1202749,273.2845711,265.6487303,276.3743901,269.5395057,279.3887286,273.3588321,282.6545204,276.9208587,285.9002275,280.030878
Brazil,Other Arable Land,168,0,0,0,0,0,0,0,0,0,0,0,0,0,0,0,0,0,0,0,0,0,0
Brazil,Other Arable Land,186,35.3132,33.9015,23.0155,26.0122,25.3152,191.0118183,186.1256737,167.3398451,143.205767,133.6190303,134.148804,135.0930885,190.536832,125.2013342,178.5753348,120.1433985,173.6510001,118.9548273,174.5288995,120.2976369,176.9378142,122.7942826
Brazil,Other Arable Land,172,2.01771,5.10518,0.220033,2.04054,1.98423,15.12538319,14.73847095,13.25090407,11.3398329,10.58070151,10.62265195,10.69742568,15.08777112,9.914141293,14.14059292,9.513625682,13.75065659,9.419507969,13.82017357,9.52583914,14.01092489,9.723537495
Brazil,Other Arable Land,195,26.8695,31.3359,39.9135,53.8619,51.5745,270.842282,263.914048,237.2769702,203.0564238,189.4630573,190.2142418,191.5531756,270.1687824,177.527314,253.2081606,170.3554916,246.2257758,168.6701752,247.4705797,170.5741916,250.8862634,174.1142721
Brazil,Other Arable Land,156,0.00026,0.000880001,0.00266,0.00303001,0.00290306,0.012950423,0.012619147,0.011345485,0.009709217,0.009059245,0.009095163,0.009159185,0.012918219,0.008488533,0.012107241,0.00814561,0.011773375,0.008065026,0.011832896,0.008156067,0.011996218,0.008325337
Brazil,Other Arable Land,187,0,0,0.816891,2.85131,2.79202,8.595703467,8.375822566,7.530443401,6.444388199,6.012976431,6.036816725,6.079310378,8.574328655,5.634172543,8.036050531,5.406560893,7.814451048,5.353074119,7.853957308,5.413501759,7.962360632,5.525853058
Brazil,Other Arable Land,206,0,0,0,0,0,0,0,0,0,0,0,0,0,0,0,0,0,0,0,0,0,0
Brazil,Other Arable Land,192,31.371,36.823,36.0723,44.4099,42.9095,254.9160262,248.395191,223.3244451,191.1161591,178.3221191,179.029132,180.2893329,254.2821302,167.0882297,238.3188387,160.3381298,231.7470368,158.7519146,232.918643,160.5439696,236.1334752,163.8758838
Brazil,Other Arable Land,174,0,4.33381,12.7087,17.9972,17.3446,69.70040113,67.91744211,61.06247473,52.25592579,48.75771609,48.95103105,49.29560141,69.52707815,45.68609048,65.16231599,43.84044476,63.36542142,43.40673393,63.68576777,43.8967265,64.56478311,44.80775496
Brazil,Pasture,168,17.0648,25.417,39.0143,41.8396,44.2819,255.7600725,236.5308576,226.672281,219.6438471,213.3791126,209.1476352,204.7450737,214.9160261,202.3113436,214.0043655,199.3237838,212.678456,196.6738464,211.1704905,194.0894398,209.5678047,191.5271796
Brazil,Pasture,186,5.45484,8.06114,12.8664,13.3722,14.2461,82.39718164,76.20218374,73.02608623,70.76176428,68.74348027,67.3802424,65.96188708,69.23862144,65.17782216,68.94491546,64.21533219,68.51775259,63.36161266,68.03193748,62.5290049,67.51560673,61.70353195
Brazil,Pasture,172,3.95176,5.89747,9.05541,9.71183,10.1515,59.15428224,54.70679208,52.42661981,50.80102611,49.35206706,48.37337634,47.35511589,49.707537,46.79222288,49.49668068,46.10123561,49.19001348,45.48833642,48.84123888,44.89059371,48.4705566,44.2979732
Brazil,Pasture,195,24.9078,36.9732,57.7775,61.3827,64.1382,374.1080956,345.9809337,331.5604916,321.2797859,312.1161668,305.9266551,299.4868934,314.3642573,295.9270019,313.0307434,291.5570066,311.091295,287.6808621,308.8855476,283.9005713,306.54125,280.1526747
Brazil,Pasture,156,0.00873132,0.0127543,0.0188935,0.0201879,0.0214455,0.125139174,0.115730637,0.110906999,0.107468102,0.104402871,0.102332479,0.100178379,0.105154858,0.098987595,0.104708797,0.097525831,0.104060052,0.096229261,0.103322229,0.094964753,0.102538062,0.093711082
Brazil,Pasture,187,3.78885,5.6409,8.61612,9.24071,9.75731,56.52358698,52.27388455,50.09511557,48.54181488,47.1572936,46.22212698,45.24915037,47.49695516,44.7112902,47.29547599,44.05103235,47.00244682,43.46538987,46.66918284,42.89422984,46.31498546,42.3279642
Brazil,Pasture,206,58.6032,86.8602,134.217,140.974,147.159,866.4006427,801.2606699,767.8642252,744.0550372,722.832921,708.4985695,693.5846618,728.0392961,685.3402736,724.9509981,675.2197584,720.4594102,666.2429568,715.351098,657.488144,709.921916,648.8083533
Brazil,Pasture,192,19.9161,29.6085,46.0877,49.3195,52.0788,300.6095144,278.0083128,266.4209611,258.1600387,250.7967362,245.8232375,240.6486539,252.603159,237.788151,251.5316319,234.2767003,249.9732142,231.1620766,248.2008157,228.124475,246.3170869,225.1129032
Brazil,Pasture,174,30.6003,45.6775,69.8295,74.8096,78.4351,456.7676022,422.4257196,404.8190683,392.2668318,381.0785032,373.5214135,365.658781,383.8233112,361.3123283,382.1951563,355.9767788,379.827185,351.2441968,377.1340759,346.6286475,374.2718037,342.05265
Brazil,Other Land,168,2.74603,2.57641,2.52572,2.51133,2.51133,141.9356668,187.464992,209.5609398,208.0589025,206.9852795,201.0845683,196.2301071,90.81609288,177.2782945,65.12139284,157.926754,36.60031681,136.8088235,1.740178492,110.9339645,-35.04059947,89.43984595
Brazil,Other Land,186,1.35081,1.3074,1.52322,1.51839,1.51839,79.60032459,105.1340691,117.525913,116.6835408,116.0814319,112.7721965,110.0497188,50.93145812,99.42116804,36.52136298,88.56844204,20.52618037,76.72508962,0.975926459,62.21395776,-19.65146009,50.15963167
Brazil,Other Land,172,0.846227,0.842971,0.860931,0.860482,0.860482,47.1003738,62.20896688,69.54135502,69.0429143,68.6866399,66.72852951,65.11760998,30.13669514,58.82858144,21.61008585,52.40690598,12.14556313,45.39906614,0.577466251,36.81267232,-11.62798168,29.67999708
Brazil,Other Land,195,0.285206,0.26178,0.25075,0.24308,0.24308,14.1584324,18.70009474,20.90421996,20.75438805,20.64729151,20.05868103,19.57443656,9.059128975,17.68394657,6.496019351,15.75358274,3.65097176,13.64701715,0.173587091,11.06593622,-3.495386114,8.921844953
Brazil,Other Land,206,0.142475,0.14152,0.14111,0.14102,0.14102,7.798189791,10.29964927,11.51363866,11.43111415,11.37212746,11.04793223,10.78121977,4.989592427,9.739974575,3.577881389,8.67676764,2.01088439,7.516512196,0.095608401,6.094902913,-1.925190836,4.913979052
Brazil,Other Land,192,0.195785,0.18147,0.2389,0.23801,0.23801,12.04418887,15.90765605,17.78264473,17.65518684,17.56408276,17.06336802,16.65143458,7.706351751,15.04324676,5.52598492,13.40113937,3.105781217,11.60914198,0.147665762,9.413487459,-2.973428789,7.589568011
Brazil,Other Land,174,0.0440601,0.0434301,0.0433401,0.0432301,0.0432301,2.396216559,3.164861434,3.537894352,3.512536339,3.494410992,3.394792748,3.312837728,1.533194795,2.992885399,1.099406255,2.666184699,0.617901667,2.309663072,0.029378412,1.872833014,-0.591569875,1.509960426
Brazil,Built-up Area,168,0.23657,0.591041,1.02076,1.13301,1.13301,1.007138734,1.052360446,1.055115342,1.080739812,1.082407405,1.09047468,1.091332171,1.502921178,1.084968232,1.482030838,1.071240294,1.454173328,1.052933931,1.422916207,1.032393537,1.390961372,1.011394645
Brazil,Built-up Area,186,1.45479,2.2666,3.10123,3.39223,3.39223,3.33080092,3.480357791,3.489468763,3.574213797,3.579728846,3.606408873,3.60924476,4.970448531,3.588197993,4.90136017,3.54279707,4.809230044,3.482254416,4.705856752,3.414323395,4.600175982,3.344876033
Brazil,Built-up Area,172,0.291161,0.532521,0.758071,0.832961,0.832961,0.794980178,0.830675721,0.832850286,0.853076839,0.854393145,0.860761011,0.861437867,1.186323696,0.856414522,1.169834005,0.84557844,1.147844812,0.831128399,1.123172152,0.814914936,1.097948754,0.798339561
Brazil,Built-up Area,195,3.07636,5.06553,7.02753,7.71613,7.71613,7.490813893,7.827160229,7.847650375,8.038237952,8.050641037,8.110643156,8.117020933,11.1783039,8.069687748,11.02292744,7.967583217,10.81573114,7.831425648,10.58324949,7.678651993,10.34557843,7.522468156
Brazil,Built-up Area,156,0,0,6.00E-05,7.00E-05,7.00E-05,4.90E-05,5.12E-05,5.13E-05,5.25E-05,5.26E-05,5.30E-05,5.30E-05,7.31E-05,5.27E-05,7.20E-05,5.21E-05,7.07E-05,5.12E-05,6.92E-05,5.02E-05,6.76E-05,4.92E-05
Brazil,Built-up Area,187,0.221905,0.37708,0.527451,0.584721,0.584721,0.56199512,0.58722936,0.588766625,0.603065377,0.603995913,0.608497546,0.608976036,0.838647486,0.605424884,0.826990433,0.597764535,0.811445619,0.587549372,0.794003782,0.576087593,0.776172613,0.564369967
Brazil,Built-up Area,206,3.66354,6.07134,8.66266,9.54539,9.54539,9.176555936,9.58859407,9.613695343,9.847172985,9.862367275,9.935872346,9.943685386,13.69388326,9.885700282,13.50354069,9.760618021,13.24971668,9.593819384,12.96491707,9.406665356,12.67376023,9.215333714
Brazil,Built-up Area,192,0.754786,1.12467,1.59782,1.77944,1.77944,1.722341228,1.799676371,1.804387611,1.848208863,1.851060668,1.864856783,1.866323206,2.570195167,1.855440024,2.534469906,1.831963424,2.486829858,1.800657107,2.433376023,1.765530301,2.378729003,1.729619402
Brazil,Built-up Area,174,0.323916,0.612041,0.985411,1.08594,1.08594,1.001963258,1.046952584,1.049693324,1.075186115,1.076845138,1.084870957,1.085724042,1.495197978,1.079392806,1.474414989,1.065735413,1.446700634,1.047523122,1.415604137,1.027088281,1.38381351,1.006197298
Canada,Forest,19,13.1482,17.1346,18.9525,13.6597,14.8853,303.5205526,304.3654654,304.7096898,305.1835555,305.9882309,306.9614,308.0125935,330.6433445,309.5064884,332.9675871,311.6226276,335.734353,314.3263123,338.5309633,316.7641962,340.8288624,318.5550597
Canada,Forest,34,2.56733,3.25828,3.48207,2.50639,2.72428,56.73272057,56.89064794,56.95498885,57.04356173,57.1939681,57.37586857,57.57235302,61.80239299,57.85158524,62.23683015,58.24712464,62.75398181,58.75248543,63.27671184,59.20816391,63.706225,59.5429042
Canada,Forest,27,6.31797,8.03521,8.6217,6.21273,6.76571,140.2999417,140.6904958,140.8496108,141.0686515,141.4406062,141.8904458,142.3763516,152.8372348,143.0668925,153.9115973,144.0450609,155.1905126,145.2948175,156.4832233,146.4217097,157.5454087,147.249522
Canada,Forest,227,9.78299,12.8997,15.1913,11.0833,11.9404,237.6398718,238.301392,238.5709007,238.9419115,239.571928,240.3338658,241.1568924,258.8755237,242.3265298,260.6952776,243.9833502,262.8615029,246.1001864,265.0510946,248.0089151,266.8502231,249.4110626
Canada,Forest,15,40.7756,51.7637,55.3432,39.8476,43.3305,901.6632874,904.1732553,905.1958369,906.6035417,908.993977,911.8849537,915.0077162,982.236499,919.4456039,989.1410866,925.7319824,997.3602706,933.763772,1005.668112,941.0059517,1012.494442,946.3260391
Canada,Forest,10,42.7944,54.2216,57.8026,41.6904,45.1733,943.1121408,945.7374903,946.8070793,948.2794953,950.7798173,953.8036902,957.0700041,1027.389249,961.7118985,1034.611235,968.2872575,1043.20825,976.6882631,1051.897998,984.2633608,1059.038129,989.8280091
Canada,Forest,223,0.00614789,0.00711729,0.0064482,0.0051891,0.00550858,0.128424823,0.129051387,0.129764061,0.130694626,0.131854729,0.132730032,0.133493959,0.141426217,0.13442843,0.101024878,0.135531982,0.103140881,0.136630317,0.10473423,0.137428644,0.106466185,0.138251829
Canada,Forest,23,11.7292,14.736,15.434,11.2834,11.7922,253.5498989,254.2557079,254.5432604,254.9391104,255.6113065,256.4242562,257.3023846,276.207281,258.5503293,278.1488678,260.3180742,280.4601222,262.5766329,282.7963074,264.6131513,284.7158878,266.1091728
Canada,Forest,2,19.036,24.1308,25.7342,18.5516,20.1608,419.9376787,421.1066629,421.5829167,422.2385364,423.3518499,424.6982838,426.1526689,457.46358,428.2195561,460.6792997,431.1473532,464.5072753,434.8880523,468.3765421,438.2610011,471.5558143,440.7387611
Canada,Forest,7,15.4208,19.5851,20.9742,15.1049,16.4181,369.522474,371.3253137,373.3759222,376.0534802,379.3914967,381.9100453,384.108125,406.9319646,386.7969209,290.6833902,389.97222,296.7718596,393.1325092,301.3564748,395.4295689,306.3399041,397.7981561
Canada,Forest,40,6.78423,8.66814,9.38307,6.76951,7.3791,152.1267004,152.5501769,152.7227046,152.9602096,153.3635187,153.8512781,154.3781439,165.7208403,155.1268948,166.8857675,156.1875192,168.2724907,157.5426255,169.674172,158.7645106,170.8258957,159.6621043
Canada,Forest,232,0.942161,1.33468,1.6044,1.1578,1.25516,26.58018659,26.70986698,26.85736966,27.04996956,27.29007701,27.47123918,27.62934964,29.27109529,27.82275789,20.90919848,28.0511609,21.34714925,28.27848422,21.67692602,28.44371443,22.03538995,28.6140897
Canada,Forest,229,2.9226,3.71077,3.9741,2.86353,3.11927,70.06011917,70.40193105,70.79071898,71.29837424,71.93125005,72.40875772,72.82550565,77.15282274,73.33529158,55.1125152,73.93731676,56.26686688,74.53649611,57.13609327,74.9720103,58.08093336,75.42108583
Canada,Other Arable Land,19,31.8293,22.0514,6.18646,5.7424,5.55049,54.85740925,54.40768372,54.05278351,53.60660947,53.63222729,53.85582555,53.95746023,111.8648544,53.92286506,111.7641499,53.84596184,111.5753938,53.75702057,111.4145107,53.75386314,111.4659609,53.76950363
Canada,Other Arable Land,34,0.00605499,0.00931999,0.01244,0.01155,0.0111127,0.038804271,0.038486151,0.038235106,0.037919498,0.037937619,0.038095785,0.038167678,0.079129405,0.038143207,0.07905817,0.038088808,0.078924651,0.038025894,0.078810847,0.03802366,0.078847242,0.038034724
Canada,Other Arable Land,27,2.02262,3.31131,2.47821,2.29556,2.21937,9.476326373,9.398638675,9.337331546,9.260257349,9.26468269,9.303308104,9.320864956,19.32406004,9.314888824,19.30666387,9.3016042,19.27405726,9.286240067,19.24626555,9.285694639,19.25515331,9.28839645
Canada,Other Arable Land,227,90.0915,82.2101,34.074,27.615,26.7548,200.4457272,198.8024568,197.5056724,195.8753789,195.9689848,196.7859997,197.1573668,408.7475583,197.0309581,408.3795902,196.7499582,407.6898866,196.4249721,407.1020292,196.4134351,407.2900253,196.4705845
Canada,Other Arable Land,15,2.45926,3.27735,3.11012,2.89877,2.79158,11.17525207,11.08363644,11.01133811,10.92044597,10.92566469,10.97121491,10.99191937,22.78849773,10.98487183,22.76798276,10.96920553,22.7295304,10.9510869,22.69675617,10.95044368,22.70723733,10.95362988
Canada,Other Arable Land,10,4.01051,13.5611,18.8538,16.6063,16.1988,53.22034415,52.78403942,52.4397302,52.00687098,52.0317243,52.2486499,52.34725158,108.5265624,52.31368881,108.4288632,52.23908054,108.24574,52.15279347,108.089658,52.14973028,108.1395728,52.16490401
Canada,Other Arable Land,223,4.77735,6.19219,11.367,10.2589,9.8234,28.91595072,28.45473502,27.91122511,27.11755005,26.60200341,26.41616061,25.65554437,25.78692194,24.18781853,33.55502818,23.08698719,32.00671975,22.93231985,32.27884179,23.12009499,32.65353685,23.49045156
Canada,Other Arable Land,23,79.8957,95.4316,160.533,135.541,128.616,461.2580089,457.4765781,454.4924677,450.7408989,450.9563013,452.8363844,453.6909602,940.5941824,453.4000733,939.7474282,452.7534473,938.1603089,452.0056017,936.8075539,451.9790531,937.2401633,452.1105631
Canada,Other Arable Land,2,4.34622,5.71093,7.31513,6.65555,6.47264,23.44696739,23.25474723,23.10305699,22.9123548,22.92330428,23.01887389,23.06231424,47.8128958,23.04752769,47.76985304,23.01465797,47.68917556,22.976643,47.62041143,22.97529346,47.64240212,22.98197846
Canada,Other Arable Land,7,1.72792,1.75336,1.03151,0.958536,0.922785,4.358718875,4.289196362,4.207269022,4.087632408,4.009920183,3.981906698,3.867253289,3.887056818,3.646011926,5.058001934,3.480075334,4.824613752,3.456761162,4.865632756,3.485065921,4.922113362,3.540892554
Canada,Other Arable Land,40,7.35729,7.6688,4.54341,4.30603,4.17321,21.56222157,21.38545271,21.24595584,21.07058293,21.08065225,21.16853966,21.20848813,43.96953499,21.19489017,43.92995215,21.16466263,43.8557598,21.12970343,43.79252316,21.12846237,43.81274616,21.13461001
Canada,Other Arable Land,232,7.45165,4.9724,0.584715,0.59236,0.576913,9.664843454,9.510687101,9.329024797,9.063747502,8.89143162,8.829315675,8.575087934,8.618999462,8.084516461,11.21540487,7.716575506,10.69789954,7.664879622,10.78885338,7.727641428,10.91409115,7.851429102
Canada,Other Arable Land,229,1.50027,1.8312,1.47886,1.34997,1.30739,5.090553066,5.009357639,4.913674599,4.773950852,4.68319065,4.650473667,4.516569811,4.539698377,4.258181755,5.9072466,4.064384207,5.634672259,4.037155558,5.682578403,4.07021272,5.748542172,4.135412713
Canada,Pasture,19,0.0438453,0.423215,0.566375,0.515904,0.558454,35.15910703,34.66213667,34.21205549,33.79202381,33.36014925,32.95837933,32.61367201,16.10110664,32.28869032,16.12047934,31.57027554,16.09531352,30.80326323,16.06050717,30.09240705,16.03919234,29.42848294
Canada,Pasture,34,5.15E-05,0.0003823,0.0004326,0.000394,0.000425656,0.028124306,0.027726772,0.027366745,0.027030755,0.026685292,0.02636391,0.026088174,0.012879521,0.025828216,0.012895017,0.025253545,0.012874887,0.02464,0.012847045,0.024071375,0.012829995,0.023540292
Canada,Pasture,27,0.0430425,0.366997,0.428586,0.39336,0.425555,27.64865219,27.25784134,26.90390351,26.57359621,26.23397582,25.91802932,25.64695609,12.66169522,25.39139483,12.67692965,24.82644304,12.65713959,24.22327481,12.62976834,23.664267,12.61300664,23.14216594
Canada,Pasture,227,0.121901,1.30138,2.79287,2.5498,2.73469,158.4757167,156.2356787,154.2069885,152.313743,150.367117,148.5561843,147.0024549,72.57392547,145.5376365,72.66124574,142.2994627,72.54781367,138.8422411,72.39092795,135.6381369,72.29485376,132.6455737
Canada,Pasture,15,0.0578625,0.491665,0.562663,0.512677,0.554046,36.34542958,35.83169068,35.36642306,34.93221886,34.48577219,34.07044593,33.71410765,16.64438283,33.37816058,16.6644092,32.63550537,16.63839425,31.84261289,16.60241348,31.10777132,16.58037945,30.42144538
Canada,Pasture,10,0.283321,2.41733,2.79753,2.55214,2.75001,180.1552332,177.6087576,175.302542,173.1503,170.9373752,168.8787065,167.1124265,82.50205612,165.4472206,82.60132184,161.7660639,82.47237223,157.8358935,82.29402451,154.1934671,82.18480734,150.7915205
Canada,Pasture,223,0.126515,1.07737,1.22928,1.12438,1.19169,122.4661392,119.6549276,117.5548373,115.4828561,112.9476737,110.5411518,108.0582795,107.7014738,106.1402142,124.8747891,105.3247489,124.1184077,104.9138143,123.7357429,104.9067889,123.1996513,104.2341848
Canada,Pasture,23,1.50443,13.0693,15.223,14.1809,14.8466,981.2192678,967.3498346,954.7889829,943.0667518,931.0140099,919.8014275,910.1813463,449.3491843,901.1117675,449.8898371,881.0622699,449.1875103,859.6565143,448.2161357,839.8179621,447.6212821,821.2891885
Canada,Pasture,2,0.0780838,0.669013,0.785928,0.716386,0.773779,50.42840479,49.71560449,49.07005692,48.46760909,47.84817512,47.27191998,46.77750924,23.09367875,46.3113908,23.12146486,45.28097465,23.08536974,44.1808555,23.03544729,43.1612806,23.00487562,42.20901995
Canada,Pasture,7,0.0735067,0.626257,0.724493,0.660724,0.713745,72.1693349,70.512687,69.2751031,68.05408391,66.56010013,65.14193598,63.67877859,63.46851286,62.54846208,73.58875303,62.06790812,73.14301722,61.82574421,72.91751276,61.82160414,72.60159379,61.42523836
Canada,Pasture,40,0.0396123,0.37017,0.498105,0.454106,0.491647,30.91970057,30.48265379,30.08684239,29.71745719,29.33765709,28.98433169,28.68118841,14.15967122,28.39539229,14.17670801,27.76360235,14.15457663,27.08907467,14.12396715,26.46393194,14.10522242,25.88006231
Canada,Pasture,232,0.00753439,0.0708881,0.0892503,0.0814635,0.0878139,8.688765428,8.48931472,8.340316863,8.193313301,8.0134464,7.842707739,7.666552155,7.641237392,7.530468664,8.859655062,7.472612781,8.80599108,7.443457663,8.778841663,7.442959223,8.740806869,7.395239103
Canada,Pasture,229,0.0190047,0.161295,0.192973,0.17699,0.19152,19.12797817,18.68889522,18.36088225,18.03725964,17.64128967,17.26541517,16.87761552,16.82188606,16.57803303,19.50418503,16.45066556,19.38604587,16.3864817,19.32627749,16.3853844,19.24254537,16.28033042
Canada,Other Land,19,1.54808,1.54808,1.54808,1.54808,1.54808,10.49479719,10.50878059,10.51935404,10.514165,10.49737835,10.47668885,10.43596726,9.167328714,10.367135,9.021803338,10.27484121,8.83703721,10.1648301,8.643803604,10.0574029,8.471683186,9.987005807
Canada,Other Land,27,0.28947,0.28947,0.28947,0.28947,0.28947,1.962384982,1.964999687,1.96697678,1.9660065,1.962867623,1.958998967,1.951384582,1.71416635,1.93851388,1.686955075,1.921256192,1.65240631,1.900685604,1.616274242,1.880598171,1.584090055,1.867434868
Canada,Other Land,15,1.23522,1.23522,1.23522,1.23522,1.23522,8.373845916,8.38500333,8.393439936,8.389299579,8.375905431,8.359397187,8.326905251,7.314652843,8.271983676,7.198537491,8.198342051,7.051111766,8.110563693,6.896929802,8.024847041,6.759594146,7.968676885
Canada,Other Land,10,1.23259,1.23259,1.23259,1.23259,1.23259,8.35601653,8.367150188,8.37556883,8.371437289,8.35807166,8.341598564,8.30917581,7.299078665,8.254371172,7.183210542,8.180886343,7.036098712,8.09329488,6.882245029,8.007760735,6.745201785,7.951710175
Canada,Other Land,23,0.13251,0.13251,0.13251,0.13251,0.13251,0.89831635,0.899513278,0.900418327,0.899974164,0.898537288,0.896766342,0.893280723,0.784689892,0.887388932,0.772233451,0.879488921,0.756418144,0.870072372,0.739878053,0.860876995,0.725145173,0.854851261
Canada,Other Land,2,436.898,436.898,436.898,436.898,436.898,2961.833951,2965.780335,2968.764367,2967.29992,2962.562403,2956.723428,2945.231012,2587.196773,2925.80522,2546.126708,2899.758137,2493.982147,2868.710882,2439.447901,2838.392855,2390.872204,2818.52544
Canada,Other Land,7,26.4855,26.4856,26.4859,26.486,26.486,159.2359451,161.709699,163.5284246,164.6432487,165.5140544,166.2303267,166.9909723,188.3578039,166.7909611,42.32778814,164.9500708,38.85879104,163.0968099,35.71615019,161.2458055,31.37140771,159.9019896
Canada,Other Land,229,0.555619,0.55562,0.55562,0.55562,0.55562,3.340455791,3.392350263,3.430503537,3.453890346,3.47215813,3.48718411,3.503140953,3.951374901,3.498945112,0.887953438,3.460326867,0.815180727,3.421449112,0.749254326,3.382618693,0.658110205,3.35442809
Canada,Built-up Area,19,0.208655,0.28013,0.39154,0.44596,0.44596,0.406887443,0.433805415,0.441044486,0.466073991,0.473237376,0.497394834,0.504631132,0.486593163,0.529274125,0.50305538,0.552542972,0.51357944,0.572953723,0.517148567,0.589197522,0.513550499,0.601897527
Canada,Built-up Area,34,0.003355,0.00457,0.00582,0.00658999,0.00658999,0.006181671,0.006590625,0.006700605,0.007080868,0.007189698,0.007556713,0.007666651,0.007392607,0.008041041,0.007642711,0.008394555,0.007802598,0.008704647,0.007856823,0.008951432,0.007802159,0.009144378
Canada,Built-up Area,27,0.0961699,0.15757,0.26433,0.30539,0.30539,0.259171192,0.276316875,0.280927876,0.29687068,0.301433472,0.316820817,0.321430052,0.30994058,0.337126663,0.320426361,0.351947998,0.32712977,0.364948838,0.329403163,0.375295494,0.327111336,0.383384895
Canada,Built-up Area,227,1.84194,2.66523,3.90991,4.44748,4.44748,3.974648931,4.237595082,4.308309396,4.552808206,4.622783182,4.858763472,4.929450696,4.75324817,5.170173889,4.914058084,5.397473848,5.01686156,5.596854711,5.051726303,5.755531013,5.016578847,5.879590051
Canada,Built-up Area,15,0.01077,0.01765,0.02762,0.03409,0.03409,0.02851951,0.030406241,0.030913641,0.032668007,0.033170102,0.034863344,0.035370549,0.034106234,0.037097823,0.035260102,0.038728781,0.035997753,0.040159409,0.03624792,0.041297967,0.035995725,0.042188135
Canada,Built-up Area,10,0.01662,0.03019,0.05212,0.06264,0.06264,0.051476085,0.054881527,0.055797355,0.058963885,0.059870138,0.062926342,0.06384182,0.061559803,0.066959451,0.063642469,0.069903236,0.064973887,0.072485438,0.065425424,0.074540471,0.064970226,0.076147172
Canada,Built-up Area,223,0.000395,0.00053,0.000789999,0.000959999,0.000959999,0.01762276,0.018087794,0.018167602,0.018593017,0.01866719,0.019042586,0.019108872,0.020147116,0.019405265,0.023791014,0.019689343,0.024156489,0.019930041,0.024352009,0.020109032,0.024397983,0.020243799
Canada,Built-up Area,23,0.50774,0.740219,1.09805,1.24795,1.24795,1.111647641,1.1851896,1.204967297,1.273349821,1.292920736,1.358920762,1.378690882,1.329409769,1.446017424,1.374385807,1.509589696,1.403138344,1.56535343,1.412889472,1.60973273,1.403059274,1.644430118
Canada,Built-up Area,2,0.00935999,0.01355,0.01973,0.02254,0.02254,0.020139519,0.021471866,0.021830175,0.023069048,0.023423611,0.024619322,0.024977493,0.024084676,0.026197236,0.024899499,0.027348964,0.025420404,0.028359225,0.025597063,0.029163237,0.025418971,0.029791843
Canada,Built-up Area,7,0.0708099,0.11673,0.18564,0.20272,0.20272,3.774812269,3.874423099,3.891518085,3.982642361,3.998530374,4.078940405,4.093139089,4.315531897,4.156626769,5.096058432,4.21747638,5.174343507,4.269034287,5.216224068,4.307374333,5.226071741,4.336241386
Canada,Built-up Area,40,0.0712199,0.1034,0.15295,0.1797,0.1797,0.157720533,0.168154664,0.170960723,0.180662833,0.183439554,0.192803636,0.19560862,0.188616617,0.205160908,0.194997816,0.21418054,0.199077225,0.222092297,0.200460715,0.22838883,0.199066007,0.233311695
Canada,Built-up Area,232,0.040745,0.05371,0.0763099,0.0869099,0.0869099,1.670574504,1.714658103,1.722223632,1.762551436,1.769582808,1.805168935,1.811452681,1.909874464,1.83954968,2.255302961,1.866479181,2.289948671,1.889296561,2.308483261,1.906264266,2.31284143,1.91903962
Canada,Built-up Area,229,0.127305,0.20888,0.3412,0.38854,0.38854,7.051363993,7.237437409,7.269370911,7.439591412,7.469270282,7.619476532,7.64599973,8.061430359,7.764594963,9.519456961,7.878262273,9.665693786,7.974572643,9.743926836,8.046191998,9.762322329,8.100115765
Central America and Caribbean,Forest,133,1.93735,2.10607,2.36697,2.45209,2.60695,45.86278541,47.14610124,48.16727383,49.03687353,50.07860693,51.06013539,51.90984855,49.69069168,53.10270555,51.11933558,54.18931474,52.49757511,55.13082825,53.36792865,55.70218265,53.91863698,56.22181563
Central America and Caribbean,Forest,111,2.4433,2.86434,3.26075,3.3382,3.53937,61.76372748,63.49197771,64.86719783,66.03829372,67.44120322,68.76303433,69.90734887,66.91879509,71.51377756,68.84275963,72.97712161,70.69884426,74.2450643,71.87095534,75.0145112,72.61259802,75.71430449
Central America and Caribbean,Other Arable Land,133,0.204474,0.860271,3.58677,4.02001,3.81305,11.31629187,11.37638482,11.27703952,11.18606217,10.92010189,10.98218276,11.32942892,23.85485097,11.48211321,23.84974609,11.36026968,23.71275379,11.35787204,23.97344227,11.57978501,24.37165678,11.72632286
Central America and Caribbean,Other Arable Land,111,0.110084,0.131487,2.63988,2.99359,2.83665,7.896467283,7.938399924,7.869077133,7.805593472,7.620007356,7.66332716,7.90563427,16.64582819,8.012176814,16.64226603,7.927154841,16.54667329,7.925481773,16.72858077,8.080331837,17.0064534,8.182585416
Central America and Caribbean,Pasture,133,1.0931,2.16305,1.67759,1.59276,1.71846,51.91598139,47.48034412,45.545105,44.05695462,42.78450532,41.77449667,40.84412036,41.83061957,40.12915565,41.42239622,39.62039733,41.1797341,39.24771781,40.99773933,38.85229723,40.84663852,38.57358414
Central America and Caribbean,Pasture,111,0.932539,1.74449,1.39689,1.35338,1.45743,43.35102446,39.64716652,38.03119787,36.78855848,35.7260344,34.88265421,34.10576885,34.92951811,33.50875707,34.58864233,33.0839323,34.38601395,32.77273644,34.23404418,32.44255127,34.10787157,32.2098195
Central America and Caribbean,Built-up Area,133,0.0709895,0.122929,0.213149,0.250538,0.250538,0.375013478,0.405028333,0.406990304,0.430364871,0.431953716,0.445514799,0.446647529,0.698905011,0.449415582,0.694235413,0.447416921,0.685524683,0.442439361,0.672937132,0.435246475,0.656464901,0.425833771
Central America and Caribbean,Built-up Area,111,0.0781145,0.123199,0.212089,0.252328,0.252328,0.379107829,0.409450383,0.411433775,0.435063542,0.436669734,0.450378875,0.451523972,0.706535571,0.454322247,0.701814991,0.452301764,0.693009158,0.44726986,0.680284178,0.439998443,0.663632105,0.430482972
Central Asia,Forest,70,0.522988,0.371578,0.417145,0.461005,0.500717,17.90907976,18.12205427,18.45549287,18.94170719,19.35102594,19.79701709,20.23334892,15.42489847,20.67777909,15.53865686,21.12528082,15.83719463,21.70966585,16.28822649,22.33110063,16.76443875,22.89844491
Central Asia,Forest,42,0.0594739,0.0412468,0.0399853,0.043252,0.0483314,39.59895856,43.20344735,45.05838561,45.79623422,46.47929239,47.0627461,47.48198019,51.57683244,48.2001168,46.02395,49.06268511,47.52873676,49.74430906,48.79908402,50.4574027,49.95178214,51.30890425
Central Asia,Other Arable Land,70,2.36764,2.38438,0.155751,0.143155,0.139963,1.324036868,1.358597461,1.304932144,1.217941536,1.261523383,1.372579573,1.448983381,3.887165779,1.404052856,3.72875241,1.338389647,3.542450634,1.292071734,3.512793451,1.29059151,3.516712567,1.300751224
Central Asia,Other Arable Land,42,3.8778,5.5514,5.52916,4.95379,4.94658,34.647703,35.60631267,35.28508835,33.32085542,32.61576629,32.96778004,33.52779937,40.45293748,33.51600625,51.94191219,33.50998168,52.57329619,34.11903218,53.99400675,34.96231679,55.13969225,35.69188339
Central Asia,Other Arable Land,85,0.0158848,0.0209589,0.0321933,0.0320851,0.031712,0.185142059,0.190264446,0.188547965,0.17805197,0.174284284,0.17616529,0.179157787,0.216162674,0.17909477,0.277554692,0.179062577,0.28092853,0.182317075,0.288520182,0.186823216,0.29464222,0.190721698
Central Asia,Pasture,70,0.100417,0.082098,0.0626393,0.0794867,0.0858105,0.255992042,0.243680271,0.230591342,0.220951856,0.212781232,0.204026142,0.194472203,0.178380265,0.194145069,0.17757074,0.194737519,0.175317924,0.194441213,0.170949078,0.192485695,0.166789706,0.189290824
Central Asia,Pasture,42,14.6576,11.073,6.71353,8.53571,9.41724,847.6035214,819.3500616,801.6541979,794.2231191,787.5123273,779.0229687,772.975795,790.7535233,767.9497966,837.5492357,760.3414813,828.2902628,751.3601902,820.3089987,744.2388265,814.3039873,738.4515053
Central Asia,Pasture,85,0.121687,0.100089,0.0715428,0.0896348,0.0980021,8.088955649,7.819323707,7.650446333,7.579529135,7.51548587,7.434469165,7.376759022,7.546417656,7.328794287,7.993004336,7.256185663,7.90464295,7.170474286,7.828475156,7.1025128,7.771167381,7.047282514
Central Asia,Other Land,70,0.320895,0.320341,0.31916,0.319261,0.319261,0.117654626,0.113837458,0.116073448,0.116182179,0.114722333,0.114084701,0.113598126,0,0.109704082,0,0.10736673,0,0.103663132,0,0.100523014,0,0.098633066
Central Asia,Other Land,42,114.984,121.995,124.521,124.476,124.476,383.6750596,377.9413311,377.8586575,376.3180919,376.261618,374.9077616,374.1649634,295.7847944,372.6558277,204.1630607,374.8048709,198.8205189,377.8834966,192.307509,386.3369459,186.9762529,389.532094
Central Asia,Other Land,85,8.02418,8.00895,7.97979,7.9848,7.9848,25.12940533,24.75386571,24.74845087,24.64754909,24.64385024,24.55517727,24.50652653,19.37289329,24.4076833,13.37198282,24.54843828,13.02206459,24.75007775,12.5954847,25.30374979,12.24630564,25.51302107
Central Asia,Built-up Area,70,0.14422,0.191331,0.13712,0.12907,0.12907,0.067126305,0.079780175,0.080159067,0.08949273,0.08977458,0.095807552,0.095995987,0.235591709,0.096558107,0.230919472,0.094916071,0.221362803,0.091395193,0.207632608,0.0863367,0.191342747,0.080335173
Central Asia,Built-up Area,42,0.05451,0.0818003,0.0821001,0.0872102,0.0872102,0.521135475,0.532197688,0.532615213,0.539808435,0.539921318,0.543327223,0.543327223,0.626317108,0.539201104,0.769519761,0.534123085,0.750538914,0.528223632,0.729874182,0.52180081,0.709570045,0.515490065
China,Forest,66,20.062,19.4828,14.3278,13.8652,14.6018,115.4243973,125.9308843,131.3377217,133.4884281,135.4794294,137.1801002,138.402098,150.3379133,140.4953471,134.1521818,143.0095907,138.5383857,144.9964115,142.2412373,147.0749612,145.6011611,149.556947
China,Forest,78,43.2627,44.0393,38.5626,37.3645,38.757,283.1459449,308.9192587,322.1826946,327.4585617,332.3426586,336.5145499,339.5122154,368.7917938,344.647135,329.0868065,350.8147901,339.8465407,355.6886319,348.9299532,360.7874926,357.1721345,366.8760166
China,Forest,110,0.324784,0.327322,0.223699,0.215452,0.23259,0.57442633,0.627965898,0.648237779,0.65672172,0.663683938,0.669668795,0.675085085,0.746743862,0.6794856,0.629144227,0.683273772,0.638698516,0.69046385,0.646710507,0.701814447,0.656477505,0.716218938
China,Forest,42,0.273471,0.207717,0.134146,0.130682,0.142042,1.24488775,1.358203456,1.416517866,1.439713898,1.461187461,1.479529721,1.492709345,1.621440796,1.515285683,1.446872687,1.542402576,1.494179249,1.563831051,1.534115646,1.586248851,1.570353462,1.613017834
China,Forest,124,2.087,1.74329,1.86218,1.80746,1.89085,13.16408048,14.36233878,14.97898521,15.22427193,15.45134438,15.64530483,15.78467292,17.1459452,16.02340667,15.29997262,16.31015458,15.80021644,16.53675025,16.22252435,16.77380755,16.60572157,17.05687648
China,Forest,79,17.609,16.7908,12.1595,11.9983,12.6725,99.85099952,108.9399206,113.6172516,115.4777784,117.200148,118.6713593,119.7284816,130.0538817,121.5393034,116.0519765,123.7143179,119.8463809,125.433071,123.0496329,127.2311767,125.956226,129.3782857
China,Forest,127,2.6686,2.68358,1.91246,1.83843,1.96083,15.50947526,16.92122273,17.64773474,17.93672327,18.20425237,18.43277002,18.5969688,20.20077385,18.87823685,18.02591128,19.21607356,18.61528165,19.48304093,19.11283058,19.76233384,19.56430061,20.0958361
China,Forest,112,4.18957,3.44281,4.04743,3.91353,4.1068,27.61583473,30.12956161,31.42317312,31.93773982,32.41409633,32.82098989,33.11335867,35.9690591,33.61417845,32.09654605,34.21572316,33.14596613,34.69107946,34.03189094,35.18838234,34.83576867,35.78220922
China,Forest,103,3.97142,4.37629,3.27302,3.11485,3.21175,0.216393644,0.252817786,0.256753054,0.258675829,0.259736241,0.260650298,0.261400206,0.261623742,0.261765061,0.261885838,0.261981712,0.262066727,0.262184993,0.262219748,0.262251397,0.262278558,0.262332846
China,Forest,85,0.0353126,0.0286217,0.02501,0.0239015,0.0258211,0.194384517,0.212078336,0.221183911,0.224805883,0.228158899,0.231022974,0.233080922,0.253181852,0.236606132,0.225923701,0.240840332,0.233310442,0.244186308,0.239546359,0.247686762,0.245204757,0.251866638
China,Forest,108,39.347,37.8066,28.4038,27.4582,28.8001,226.8347143,247.4823074,258.1079502,262.3345685,266.2473306,269.5895285,271.9910271,295.4475692,276.104729,263.6389927,281.0457791,272.2588627,284.9503255,279.5357929,289.0351399,286.1387936,293.9127961
China,Forest,106,110.801,104.743,87.9092,85.7669,89.086,670.4938244,731.5254161,762.9334302,775.4267623,786.9923767,796.8714776,803.9699943,873.3044729,816.1295605,779.2824703,830.7346599,804.7616815,842.2759899,826.2713378,854.3501682,845.7889464,868.7678839
China,Forest,77,20.4497,19.4415,16.0364,15.8278,16.7169,124.0212717,135.3102878,141.1198296,143.4307217,145.5700139,147.3973517,148.7103646,161.5351661,150.9595201,144.1439122,153.661026,148.856803,155.7958263,152.8354451,158.0291876,156.445618,160.696033
China,Other Arable Land,66,0,0,2.46716,0,0,6.34049226,6.515916796,6.457133091,6.097680585,5.968650035,6.033068171,6.135551105,7.402843905,6.133392977,9.50531388,6.132290486,9.620856471,6.243746071,9.88084497,6.398066244,10.09050418,6.531576145
China,Other Arable Land,78,0,0,0,0,0,0,0,0,0,0,0,0,0,0,0,0,0,0,0,0,0,0
China,Other Arable Land,110,0,0,1.15505,1.01606,0.974624,4.769813942,4.532382857,4.202927117,3.904538769,3.843556441,3.896352099,3.918364452,5.685511875,3.890857697,5.479885602,3.882181477,5.450286293,3.895774044,5.527329889,3.925596315,5.617048841,3.985680021
China,Other Arable Land,42,0,0,11.2356,9.31212,8.96059,75.83505373,77.93320771,77.23012896,72.93092016,71.38765849,72.15812749,73.3838681,88.5412429,73.35805595,113.6877011,73.34486968,115.0696409,74.6779271,118.1792168,76.5236637,120.6868324,78.12050036
China,Other Arable Land,124,0,1.9707,0,0,0,5.064611981,5.204736308,5.157781491,4.87066065,4.767594572,4.819050019,4.900910586,5.91318945,4.899186733,7.592585022,4.898306093,7.684877287,4.98733377,7.892548996,5.110600507,8.060019045,5.217244568
China,Other Arable Land,79,0,0,3.19667,0,0,8.215300747,8.442596242,8.366430892,7.900692536,7.73350918,7.816974995,7.949760919,9.591777196,7.946964658,12.31592265,7.945536174,12.46562981,8.089947857,12.80249383,8.289898678,13.07414679,8.462885875
China,Other Arable Land,89,0,0,0,0,0,0,0,0,0,0,0,0,0,0,0,0,0,0,0,0,0,0
China,Other Arable Land,127,0,0,0,0,0,0,0,0,0,0,0,0,0,0,0,0,0,0,0,0,0,0
China,Other Arable Land,112,0,3.60056,0,0,0,9.253280213,9.509293835,9.423505214,8.898922165,8.710615676,8.804627155,8.954190197,10.80367048,8.951040636,13.87200382,8.949431667,14.04062605,9.112089348,14.42005187,9.337303376,14.72602739,9.532147005
China,Other Arable Land,103,0,0,0,0,0,0,0,0,0,0,0,0,0,0,0,0,0,0,0,0,0,0
China,Other Arable Land,85,0,4.82817,0,0,0,12.40818371,12.75148511,12.63644688,11.93300737,11.68049784,11.8065625,12.00711903,14.48717913,12.00289562,18.60165993,12.00073808,18.82777387,12.21885385,19.33656482,12.52085455,19.74686261,12.78213006
China,Other Arable Land,92,0,0,0,0,0,0,0,0,0,0,0,0,0,0,0,0,0,0,0,0,0,0
China,Other Arable Land,108,0,0,0,0,0,0,0,0,0,0,0,0,0,0,0,0,0,0,0,0,0,0
China,Other Arable Land,106,0,0,0,0,0,0,0,0,0,0,0,0,0,0,0,0,0,0,0,0,0,0
China,Other Arable Land,77,0,0,0,0,0,0,0,0,0,0,0,0,0,0,0,0,0,0,0,0,0,0
China,Pasture,66,4.15202,5.76548,11.4943,12.5013,13.2324,138.4491727,133.8341988,130.9437227,129.7299162,128.6337627,127.2470947,126.2593378,129.1631858,125.4383817,136.8068865,124.195625,135.2945083,122.7286038,133.9908334,121.5653867,133.0099634,120.6200746
China,Pasture,78,1.82868,2.48006,5.93685,6.45724,6.74948,68.87089792,66.57520058,65.13734669,64.53354425,63.98826778,63.29847623,62.80712116,64.25162686,62.39874034,68.05395029,61.78053679,67.30162475,61.05077392,66.65311774,60.47213697,66.16518851,60.00189588
China,Pasture,110,7.20585,10.3592,19.4831,21.1899,22.8276,23.61966651,20.93571328,20.26907548,19.8519051,19.44011034,19.16682662,18.69161025,18.96913856,19.22121487,16.45987691,20.54158785,16.53265331,22.24713611,16.52926107,23.38716212,16.45386626,22.33371097
China,Pasture,42,18.6518,26.7148,50.4884,54.9139,59.4107,617.2209806,596.6469413,583.7608948,578.3496175,573.4628498,567.280938,562.8774139,575.8230738,559.2175051,609.8994961,553.6771648,603.1571546,547.1370301,597.3452349,541.9512858,592.9724132,537.7369852
China,Pasture,124,0.27256,0.36035,0.786655,0.855534,0.900668,9.326071712,9.015202554,8.820497259,8.738734062,8.664896089,8.571488777,8.504952508,8.700558549,8.449652099,9.215445709,8.365938791,9.113570429,8.26711881,9.025753615,8.188763368,8.959681252,8.125086222
China,Pasture,79,13.8472,19.2139,38.7108,42.1194,44.7032,465.7343187,450.2098364,440.4864565,436.4032875,432.715896,428.051232,424.7284799,434.4968421,421.9668351,460.2097712,417.7862795,455.1222257,412.8513125,450.7367454,408.9383232,447.4371603,405.7583528
China,Pasture,89,2.18494,3.14328,5.91278,6.43076,6.92593,6.004704715,6.094932681,6.041432871,5.984821758,5.953696719,5.959733566,5.958948924,5.952437608,5.952470275,5.952773766,5.940311698,5.916027337,5.878756318,5.882750776,5.878735434,5.869606976,5.843745041
China,Pasture,127,2.82769,4.06854,7.66159,8.33301,8.92355,93.42725374,90.31301094,88.36248112,87.5433891,86.80369084,85.86794973,85.2013989,87.16095227,84.6474073,92.31901826,83.80877935,91.29844626,82.8188149,90.41870997,82.03386127,89.75680648,81.39595273
China,Pasture,112,0.415294,0.48856,1.3127,1.42769,1.50651,15.12588964,14.62169316,14.30590202,14.17329087,14.05353358,13.90203693,13.79412222,14.11137428,13.70443088,14.94646611,13.56865686,14.78123532,13.40838143,14.63880585,13.2812973,14.53164355,13.17801979
China,Pasture,103,0.230625,0.292563,0.663568,0.721831,0.75134,0.018348859,0.018857309,0.019168581,0.019339891,0.019439985,0.019526911,0.019599166,0.019621376,0.019635296,0.019647048,0.019656572,0.01966514,0.019677003,0.019680512,0.019683788,0.019686658,0.019692287
China,Pasture,85,16.6459,23.8057,45.1808,49.1402,52.9744,551.3445998,532.9664405,521.4557299,516.6220015,512.2568016,506.7346891,502.8011559,514.3651175,499.5318714,544.8045419,494.5828552,538.7818147,488.7407531,533.5902048,484.1084866,529.6840971,480.3439808
China,Pasture,92,9.40952,13.5439,25.486,27.7192,29.8394,311.2776019,300.9016784,294.4029725,291.6739509,289.2094505,286.0917816,283.8709912,290.3997614,282.0252217,307.5852223,279.2311109,304.1849168,275.9327825,301.2538427,273.317502,299.0485362,271.192141
China,Pasture,108,3.67767,4.99253,10.5461,11.4703,12.1009,125.651313,121.4629346,118.8396461,117.7380405,116.7432124,115.4847242,114.5882728,117.2236971,113.8432036,124.1608352,112.7153239,122.7882571,111.3839101,121.6050903,110.3282176,120.7148892,109.4702876
China,Pasture,106,20.1435,27.4206,59.4809,64.7022,67.7627,703.3533956,679.9082748,665.2239967,659.0575824,653.4888724,646.4442826,641.4262522,656.1784628,637.2556076,695.010207,630.9421199,687.3269803,623.4893175,680.7040144,617.5799092,675.720971,612.7775081
China,Pasture,77,2.68605,3.52278,8.38556,9.11656,9.66757,98.02056358,94.7532104,92.70678364,91.84742132,91.07135612,90.08960972,89.3902882,91.44618215,88.80905985,96.85784219,87.92920112,95.78709422,86.8905655,94.86410608,86.06701998,94.16966039,85.39774894
China,Other Land,66,0.09692,0.0875301,0.11912,0.11931,0.11931,0.134520849,0.132510539,0.132481552,0.131941412,0.131921612,0.131446935,0.131186501,0.10370552,0.130657381,0.071581896,0.13141086,0.06970874,0.132490261,0.067425205,0.135454137,0.065556006,0.136574392
China,Other Land,78,0.876295,0.78148,0.786461,0.796111,0.796111,1.001471178,0.986504962,0.986289167,0.982267972,0.982120564,0.978586719,0.976647862,0.772059426,0.972708706,0.532907771,0.978318153,0.518962633,0.986354002,0.501962332,1.008419251,0.488046652,1.016759248
China,Other Land,110,11.1458,9.75363,10.125,10.1255,10.1255,4.110942101,4.194951271,4.242893738,4.249166841,4.295602335,4.272537023,4.261152553,4.252182063,4.100762152,0.826586398,3.98240531,0.694029088,3.919624674,0.611098359,3.881205955,0.615043486,4.040348642
China,Other Land,42,343.825,329.377,333.823,333.835,333.835,415.5025952,409.2932286,409.2036969,407.5353345,407.4741759,406.0080112,405.2035946,320.3214454,403.5692694,221.0992856,405.8965853,215.3135564,409.2305965,208.2602636,418.3852966,202.4867563,421.8454963
China,Other Land,79,3.65239,2.98402,3.12713,3.1329,3.1329,3.976982298,3.917549358,3.916692405,3.900723678,3.900138298,3.886104905,3.878405433,3.065956104,3.862762493,2.11625139,3.885038392,2.060873294,3.916949874,1.993362716,4.004574069,1.938101602,4.037693364
China,Other Land,89,6.18561,4.64486,5.05675,5.05726,5.05726,1.359165593,1.359165593,1.359165593,1.359165593,1.359165593,1.359165593,1.359165593,1.359165593,1.359165593,1.359165593,1.359165593,1.359165593,1.359165593,1.359165593,1.359165593,1.359165593,1.359165593
China,Other Land,127,0.88553,0.75306,0.788101,0.788121,0.788121,0.99315341,0.978311496,0.978097494,0.974109697,0.973963513,0.970459019,0.968536265,0.765647049,0.964629826,0.52848168,0.970192683,0.514652364,0.97816179,0.497793259,1.000043775,0.483993156,1.008314504
China,Other Land,112,0.024865,0.01223,0.01076,0.01127,0.01127,0.017465452,0.017204444,0.017200681,0.017130552,0.017127981,0.017066352,0.017032538,0.013464558,0.01696384,0.009293802,0.017061668,0.009050602,0.017201812,0.00875412,0.017586625,0.008511434,0.017732073
China,Other Land,85,834.052,787.427,801.664,801.713,801.713,999.0176535,984.0881034,983.8728369,979.8614939,979.7144466,976.1892594,974.2551525,770.1679423,970.3256471,531.6021897,975.9213513,517.6912162,983.9375133,500.732564,1005.948704,486.8509765,1014.268269
China,Other Land,92,3.32505,2.48884,2.70862,2.7088,2.7088,3.458630904,3.406944327,3.406199067,3.39231167,3.391802588,3.379598277,3.372902338,2.666345922,3.359298265,1.840423696,3.378670771,1.792263463,3.406422979,1.733552069,3.482626423,1.685493572,3.51142902
China,Other Land,106,5.21636,4.3365,4.5568,4.55749,4.55749,5.762182482,5.676071099,5.674829475,5.651692656,5.650844509,5.630511763,5.619356128,4.442212017,5.596691336,3.066200897,5.62896651,2.985964509,5.675202518,2.888149572,5.802159734,2.808082678,5.850145721
China,Other Land,77,2.21574,2.07811,2.00202,2.01296,2.01296,2.560902452,2.522631736,2.522079917,2.511797158,2.511420214,2.502383676,2.497425747,1.974264384,2.487352771,1.362720014,2.501696915,1.327060338,2.52224571,1.283588179,2.578669651,1.248003832,2.599996194
China,Built-up Area,66,0.59989,1.14789,1.98498,2.3578,2.3578,2.028281907,2.071336521,2.072961546,2.100957879,2.101397222,2.114653154,2.114653154,2.437653392,2.098594119,2.995004336,2.078830247,2.921130057,2.055869322,2.840702021,2.030871419,2.761677437,2.006309724
China,Built-up Area,78,2.15988,4.3323,8.17826,9.61723,9.61723,8.139886941,8.312673418,8.319194957,8.431549648,8.433312817,8.486511432,8.486511432,9.782773755,8.422063424,12.01953072,8.342747188,11.72305897,8.250600564,11.40028573,8.150279152,11.08314482,8.051708328
China,Built-up Area,110,0.025525,0.04696,0.0784001,0.0883701,0.0883701,0.050328528,0.051964236,0.052308318,0.053976263,0.054348877,0.055924209,0.056279677,0.056169312,0.057018647,0.057961323,0.057482632,0.057627382,0.057675682,0.056871141,0.057633683,0.05583874,0.057410512
China,Built-up Area,42,0.154575,0.28778,0.4969,0.550891,0.550891,0.490012076,0.500413628,0.500806217,0.507569844,0.507675985,0.510878482,0.510878482,0.588912021,0.506998784,0.723562285,0.502224035,0.705715018,0.496676912,0.68628443,0.490637675,0.667192903,0.484703822
China,Built-up Area,124,0.055515,0.10522,0.21651,0.25462,0.25462,0.212827281,0.217344994,0.217515508,0.220453158,0.220499259,0.221890201,0.221890201,0.255782562,0.220205129,0.314265303,0.21813131,0.306513688,0.215722024,0.298074387,0.213098998,0.289782351,0.210521743
China,Built-up Area,79,1.85681,3.3152,5.53032,6.46905,6.46905,5.675593422,5.796070009,5.800617198,5.878957297,5.880186678,5.917279787,5.917279787,6.821107809,5.87234296,8.380702332,5.817039157,8.173985321,5.752789275,7.948929411,5.682839465,7.727800678,5.614110264
China,Built-up Area,89,0,0.00028,0.00032,0.00034,0.00034,3.60E-05,3.60E-05,3.60E-05,3.60E-05,3.60E-05,3.60E-05,3.60E-05,3.60E-05,3.60E-05,3.60E-05,3.60E-05,3.60E-05,3.60E-05,3.60E-05,3.60E-05,3.60E-05,3.60E-05
China,Built-up Area,127,0.02506,0.05588,0.10263,0.12207,0.12207,0.102684598,0.104864298,0.104946567,0.106363921,0.106386163,0.107057263,0.107057263,0.1234096,0.106244252,0.151626269,0.105243679,0.14788628,0.10408125,0.143814499,0.102815696,0.139813769,0.101572226
China,Built-up Area,112,0.166015,0.31713,0.62267,0.729791,0.729791,0.615900402,0.628974203,0.629467652,0.637968912,0.638102322,0.642127568,0.642127568,0.740208596,0.637251142,0.909451673,0.631249719,0.887019289,0.624277492,0.862596817,0.616686723,0.838600511,0.609228412
China,Built-up Area,103,0.857935,1.53958,1.94504,2.04062,2.04062,0.089358763,0.089358763,0.089358763,0.089358763,0.089358763,0.089358763,0.089358763,0.089358763,0.089358763,0.089358763,0.089358763,0.089358763,0.089358763,0.089358763,0.089358763,0.089358763,0.089358763
China,Built-up Area,85,0.042145,0.12414,0.2744,0.32682,0.32682,0.262725499,0.268302409,0.2685129,0.272139295,0.272196203,0.273913258,0.273913258,0.31575182,0.271833114,0.387946077,0.269273079,0.378377064,0.266298926,0.367959135,0.263060921,0.357722997,0.259879419
China,Built-up Area,92,0,0.00022,0.00027,0.00037,0.00037,0.000295298,0.000301567,0.000301803,0.000305879,0.000305943,0.000307873,0.000307873,0.000354899,0.000305535,0.000436044,0.000302658,0.000425288,0.000299315,0.000413579,0.000295675,0.000402074,0.000292099
China,Built-up Area,108,1.10562,2.07008,3.55435,4.06957,4.06957,3.569794499,3.645571008,3.648431067,3.697704866,3.698478114,3.721808674,3.721808674,4.290292014,3.693544628,5.271234716,3.658760034,5.141215316,3.618348598,4.999661246,3.574352063,4.860577264,3.531123258
China,Built-up Area,106,5.84696,10.6993,18.0267,21.1188,21.1188,18.44067596,18.83211867,18.84689303,19.1014293,19.1054237,19.22594361,19.22594361,22.16258802,19.07993853,27.22989554,18.90024992,26.55824746,18.69149443,25.82701412,18.46421921,25.10854065,18.24090989
China,Built-up Area,77,1.39159,2.64337,4.49229,5.29102,5.29102,4.587757525,4.685142472,4.688818106,4.752142828,4.753136575,4.783120081,4.783120081,5.513712198,4.746796256,6.774380638,4.702092483,6.607284891,4.650157318,6.425365245,4.593614725,6.246620058,4.538058789
Colombia,Forest,168,2.2333,2.58581,2.73371,2.76392,3.0262,2200.568797,2270.172242,2327.441945,2387.446669,2427.976087,2454.230633,2478.927648,2584.510791,2512.297007,2613.731872,2549.092904,2642.239117,2585.213093,2673.12441,2618.899942,2703.819758,2648.312062
Colombia,Forest,166,0.722002,0.816455,0.932497,0.94866,0.981967,97.34177091,97.98690972,98.07168575,98.13369452,98.24071271,98.60300607,99.31160965,99.52368061,99.61697758,99.72614479,99.81289439,99.89037001,100.0313492,100.0350733,100.0369797,100.0355453,100.0851805
Colombia,Forest,156,1.07367,1.23606,1.32186,1.33527,1.42971,1054.946837,1088.314544,1115.769487,1144.535593,1163.965288,1176.551648,1188.391331,1239.007609,1204.388513,1253.016118,1222.028369,1266.682415,1239.344291,1281.488743,1255.493677,1296.204011,1269.593769
Colombia,Other Arable Land,168,2.00474,1.7759,1.62248,1.44766,1.43978,162.2545091,158.1039858,142.1464109,121.6457789,113.5023495,113.9523644,114.7544846,161.8510331,106.3519587,151.6903693,102.0555079,147.5074057,101.0458791,148.2531351,102.1865254,150.2993816,104.3072947
Colombia,Other Arable Land,166,7.11849,1.47451,0.974924,0.904729,0.868574,0.451216147,0.381722652,0.352176198,0.320425537,0.301965245,0.300304736,0.318347608,0.321619922,0.320567686,0.321046398,0.322406191,0.325935988,0.333865855,0.334479328,0.336658499,0.339052741,0.345722279
Colombia,Other Arable Land,156,0.170824,0.166441,0.118859,0.110379,0.110131,13.24240069,12.90365576,11.60127839,9.928119447,9.263493508,9.300221476,9.365686505,13.20947101,8.67991441,12.3802085,8.329259611,12.03881595,8.246858758,12.09967865,8.339952596,12.26668304,8.513039176
Colombia,Pasture,168,1.97544,2.67588,3.10341,3.53937,3.91103,201.5949739,186.4381394,178.667421,173.1274752,168.1894918,164.8541605,161.3839774,169.4009164,159.4656649,168.6823281,157.1108132,167.6372209,155.022082,166.4486137,152.9850033,165.1853462,150.9653809
Colombia,Pasture,166,7.25704,9.9165,12.2251,13.9398,14.76,157.1191912,155.4955833,153.462109,151.7985279,150.8807081,149.9895915,148.7977964,148.6152895,148.6351041,148.6158731,148.6305228,148.6733084,148.5852369,148.6470318,148.7342971,148.8263321,148.8725567
Colombia,Pasture,156,9.25212,12.538,14.554,16.5986,17.9644,940.1115941,869.429694,833.1919729,807.3571655,784.3295308,768.7756527,752.5929113,789.9788498,743.6471135,786.627808,732.6655731,781.7540883,722.9250503,776.2111752,713.4254024,770.3200935,704.0071593
Colombia,Other Land,166,0.0667103,0.0664402,0.0679203,0.0678403,0.0678403,0.31003762,0.31003762,0.31003762,0.31003762,0.31003762,0.31003762,0.31003762,0.31003762,0.31003762,0.31003762,0.31003762,0.31003762,0.31003762,0.31003762,0.31003762,0.31003762,0.31003762
Colombia,Built-up Area,168,0.0154751,0.0253301,0.0395302,0.0434102,0.0434102,0.506876109,0.529635442,0.531021935,0.543918303,0.544757574,0.548817699,0.54924926,0.756395136,0.546046396,0.745881376,0.539137354,0.731861157,0.529924067,0.71612997,0.51958643,0.700047634,0.509018038
Colombia,Built-up Area,166,0.658733,1.04572,1.43424,1.57382,1.57382,1.761366283,1.761366283,1.761366283,1.761366283,1.761366283,1.761366283,1.761366283,1.761366283,1.761366283,1.761366283,1.761366283,1.761366283,1.761366283,1.761366283,1.761366283,1.761366283,1.761366283
Colombia,Built-up Area,156,0.0304201,0.0508502,0.0791903,0.0872804,0.0872804,1.015904586,1.061519894,1.064298769,1.090146267,1.091828374,1.099965864,1.100830819,1.51600218,1.09441149,1.494930016,1.080564068,1.466830043,1.062098371,1.435300869,1.041379199,1.403067907,1.020197539
EU-12,Forest,75,1.25936,1.13247,1.38196,1.43532,1.52623,1.447334586,1.464546267,1.491493337,1.530787081,1.563866458,1.599909538,1.635171996,1.246573769,1.671088925,1.255767231,1.707254085,1.279893766,1.754481562,1.316344215,1.804703242,1.354829636,1.850553559
EU-12,Other Arable Land,75,1.52768,1.17804,1.45901,0.947416,0.877257,3.443108214,3.532981742,3.393427098,3.167211283,3.280544242,3.569341699,3.768026936,10.10842881,3.65118679,9.696480787,3.480432079,9.212010006,3.359984083,9.134887616,3.356134817,9.14507913,3.38255477
EU-12,Pasture,75,0.0122063,0.00935292,0.000982903,0.0013862,0.00139637,0.036007643,0.034275878,0.0324348,0.031078917,0.029929644,0.028698159,0.02735431,0.02509083,0.027308295,0.024976963,0.027391629,0.024660084,0.027349951,0.024045565,0.027074889,0.023460511,0.026625501
EU-12,Built-up Area,75,0.0665352,0.10825,0.1621,0.189241,0.189241,0.035297364,0.041951213,0.042150448,0.047058415,0.047206621,0.05037897,0.050478055,0.12388238,0.050773638,0.121425554,0.049910198,0.116400322,0.048058797,0.109180504,0.045398864,0.100614724,0.04224305
Europe_Non_EU,Forest,70,10.8808,9.18352,9.25685,11.2971,11.996,36.10291214,36.53224744,37.20442628,38.18458568,39.00973132,39.90880482,40.78840613,31.09505133,41.68433286,31.32437686,42.58645155,31.92619911,43.76451327,32.83543419,45.0172636,33.79543044,46.16097287
Europe_Non_EU,Forest,75,4.31688,3.49352,3.27238,4.05559,4.31511,13.34860826,13.50734971,13.75587959,14.11828148,14.42336895,14.75579033,15.08101211,11.49701325,15.41227001,11.58180354,15.74581731,11.80431993,16.18139116,12.14049843,16.64458021,12.49544525,17.06745266
Europe_Non_EU,Other Arable Land,70,17.9608,17.7717,18.6828,17.1314,16.2329,24.61576008,25.2582915,24.26057565,22.64329444,23.453544,25.51823917,26.93869646,72.26803312,26.10337302,69.3228995,24.88259901,65.85928007,24.02148202,65.30791016,23.99396252,65.38077219,24.18284629
Europe_Non_EU,Other Arable Land,99,0.100521,0.0969409,0.0617013,0.0565795,0.0539019,-0.038972202,-0.047014998,-0.055889007,-0.057445019,-0.057518869,-0.057518869,-0.057518869,,-0.057518869,,-0.057518869,,-0.057567177,,-0.058364174,,-0.061729723
Europe_Non_EU,Other Arable Land,75,15.3243,15.8476,18.0244,15.7709,14.9869,22.42127946,23.00652958,22.09775952,20.62465798,21.36267427,23.24330308,24.53712742,65.82538024,23.77627258,63.14280356,22.66432986,59.98796377,21.87998095,59.48574817,21.8549148,59.55211459,22.02695969
Europe_Non_EU,Pasture,70,4.17995,3.12459,3.53127,3.45046,3.53817,31.8110621,30.28112979,28.6546232,27.45676457,26.44143521,25.35347671,24.1662486,22.16657065,24.12559711,22.06597444,24.19921841,21.78602641,24.16239765,21.24312807,23.91939363,20.72626033,23.52238031
Europe_Non_EU,Pasture,99,0.00335209,0.00322379,0.00729139,0.00712619,0.00734346,0.246189706,0.246189706,0.246189706,0.246189706,0.246189706,0.246189706,0.246189706,,0.246189706,,0.246189706,,0.246189706,,0.246189706,,0.246189706
Europe_Non_EU,Pasture,75,4.54029,3.33501,3.79289,3.70697,3.80761,34.2352572,32.58873479,30.83827858,29.54913589,28.4564323,27.28556478,26.00786273,23.85579723,25.96411335,23.74753498,26.04334503,23.44625323,26.00371831,22.86198275,25.74219591,22.30572656,25.31492778
Europe_Non_EU,Other Land,75,0.407069,0.406499,0.405479,0.405629,0.405629,170.4530867,164.9229341,168.1623429,168.3198678,166.2049043,165.2811301,164.5762002,0,158.9346725,0,155.5484149,0,150.1827983,0,145.6335269,0,142.8954496
Europe_Non_EU,Built-up Area,70,0.742964,1.38684,2.05991,2.25501,2.25501,0.860552913,1.022774346,1.027631699,1.147288379,1.150901668,1.228243808,1.23065952,3.020263558,1.237865856,2.96036591,1.216815106,2.837850318,1.171677782,2.661830513,1.106828381,2.452996022,1.029889358
Europe_Non_EU,Built-up Area,75,0.546214,1.12688,1.6226,1.7912,1.7912,0.680361472,0.808615309,0.812455579,0.907057309,0.909914011,0.971061456,0.972971342,2.387849635,0.978668741,2.340493974,0.962025814,2.24363196,0.926339808,2.104468996,0.875069243,1.939362424,0.814240506
India,Forest,118,3.31917,4.39617,4.61716,4.67262,4.48211,15.60606294,17.06063044,17.61137863,17.84187105,18.03102118,18.19361828,18.3407685,20.2876002,18.46032206,17.0926434,18.56323942,17.35221511,18.75858007,17.56988556,19.06695406,17.8352362,19.45829647
India,Forest,120,4.4951,5.91154,4.31416,4.37512,4.19292,16.91456288,18.49108948,19.08801549,19.33783368,19.54284323,19.71907338,19.8785615,21.9886265,20.0081391,18.52578658,20.11968564,18.80712225,20.33140474,19.04304341,20.66563454,19.33064254,21.08978929
India,Forest,153,6.04555,8.16247,8.2354,8.34854,8.10861,28.25328085,30.88663586,31.88371266,32.30099708,32.64343527,32.93780173,33.2042031,36.72875525,33.42064335,30.94459225,33.60696537,31.41452196,33.9606109,31.80859343,34.51889244,32.28898534,35.22738035
India,Forest,110,50.1459,66.5178,77.7275,78.7736,76.8442,254.209709,277.9033965,286.8746238,290.6291524,293.7102499,296.3588206,298.7557746,330.4680342,300.703202,278.4248609,302.3796398,282.6530669,305.5615755,286.1987364,310.5847299,290.5210764,316.9593702
India,Forest,123,15.6944,20.5451,25.5814,25.9683,25.2684,82.1131445,89.76652327,92.66434997,93.87711305,94.87234886,95.72787269,96.50212098,106.745606,97.13116614,89.93496324,97.67267802,91.3007305,98.70048594,92.44602928,100.3230321,93.84220305,102.3821264
India,Forest,145,2.1077,2.78314,1.99675,2.01796,2.03516,7.946180541,8.686806538,8.967232458,9.084592894,9.180902972,9.263692967,9.338617838,10.32989131,9.399491239,8.703106662,9.451893947,8.835273482,9.551356066,8.946105321,9.70837167,9.081214613,9.907632522
India,Forest,128,3.87558,5.056,3.67575,3.7257,3.61781,14.49019091,15.84075324,16.35212157,16.56613321,16.74175865,16.89272965,17.02935827,18.83698669,17.14036345,15.87047719,17.23592197,16.11148889,17.41729528,16.31359536,17.70361977,16.55997278,18.06698023
India,Forest,155,3.23538,4.43851,5.16175,5.23105,4.96984,16.73131144,18.29075804,18.88121699,19.12832867,19.33111715,19.50543803,19.66319827,21.75040294,19.79137203,18.32507924,19.90171008,18.60336693,20.11113543,18.83673213,20.4417442,19.12121543,20.86130368
India,Forest,129,6.71472,9.04237,10.1958,10.3419,10.1363,33.72265821,36.86578807,38.05588278,38.55394671,38.96267538,39.31402641,39.63199877,43.83884711,39.89033835,36.93496388,40.1127293,37.49586436,40.53483486,37.96622169,41.20119067,38.53960968,42.04683035
India,Forest,89,2.98684,3.91427,2.52539,2.56874,2.53543,0.045196054,0.061745693,0.070711255,0.074660554,0.077929347,0.085588783,0.092072422,0.093026539,0.092729327,0.09218009,0.091756266,0.091406706,0.091132714,0.089618916,0.088055064,0.086363314,0.084725841
India,Forest,140,8.896,11.7794,15.1785,15.3892,15.0302,48.13395171,52.62029025,54.31896896,55.02987925,55.6132771,56.11477711,56.56863417,62.5732686,56.93737451,52.71902817,57.25480368,53.51962807,57.857295,54.19099142,58.80841629,55.00941533,60.01543798
India,Forest,122,9.91862,13.2764,9.87976,10.0148,9.53438,38.22050735,41.78286051,43.13168727,43.69618179,44.15942574,44.55763914,44.91802191,49.68596983,45.21081822,41.86126283,45.46287115,42.4969749,45.94127616,43.03006739,46.69650895,43.67993252,47.65493807
India,Forest,113,1.58333,2.03382,3.12536,3.17223,3.09923,9.451978453,10.33295277,10.66651928,10.80611947,10.92068027,11.01915894,11.10828204,12.28740142,11.18069092,10.35234176,11.24302392,10.50955414,11.36133407,10.64138856,11.54810407,10.80210101,11.78512477
India,Forest,235,3.20268,4.25639,8.16897,8.29168,8.01404,23.19332313,25.35506335,26.17357093,26.51612273,26.79723273,27.03888028,27.2575711,30.15090152,27.43524848,25.40264018,27.58820157,25.78840888,27.87851175,26.11190501,28.33680912,26.50626221,28.91841198
India,Forest,147,4.53004,5.84127,3.65612,3.71256,3.79877,15.64348891,17.10154471,17.65361369,17.88465886,18.07426261,18.23724964,18.38475276,20.33625329,18.50459302,17.13363444,18.6077572,17.39382865,18.80356631,17.61202111,19.11267983,17.87800811,19.50496074
India,Forest,107,3.98398,5.19415,4.86891,4.93993,4.82348,17.2934055,18.90524223,19.51553785,19.77095132,19.98055256,20.16072981,20.32379005,22.48111507,20.45626986,18.94071646,20.57031474,19.22835332,20.78677582,19.46955851,21.1284915,19.76359912,21.56214622
India,Forest,117,4.14474,5.31033,5.54699,5.62955,5.46091,18.95086102,20.71718136,21.38596967,21.6658628,21.89555289,22.0929989,22.27168737,24.63577734,22.41686446,20.75605556,22.54183978,21.07126046,22.77904717,21.33558352,23.15351398,21.65780593,23.62873157
India,Other Arable Land,118,5.67151,5.71046,5.64143,5.64744,4.95837,9.012858275,8.564217565,7.941690579,7.377867351,7.262637475,7.362398132,7.403991835,10.74312612,7.352016121,10.35458257,7.335621867,10.29865285,7.361305862,10.44423148,7.417656886,10.61376099,7.531188763
India,Other Arable Land,120,2.40369,2.49787,3.41547,3.41918,3.00748,4.809503725,4.570096969,4.237899816,3.937028568,3.875538805,3.928773777,3.950969296,5.732821212,3.923233656,5.525483917,3.914485241,5.495638311,3.928190912,5.573322988,3.958261335,5.663788495,4.018845
India,Other Arable Land,153,5.69678,5.67403,5.54185,5.54787,4.9193,8.931508624,8.486917325,7.870009239,7.311275054,7.197085237,7.29594546,7.33716374,10.64615915,7.285657156,10.26112258,7.269410876,10.20569767,7.294863048,10.34996232,7.350705451,10.51796166,7.463212594
India,Other Arable Land,110,78.9456,79.7136,75.0751,75.1418,66.7434,122.5299355,116.4306587,107.9673955,100.3022108,98.735659,100.0919065,100.6573735,146.0529513,99.95076296,140.7706962,99.72788284,140.0103308,100.0770571,141.9894744,100.8431501,144.2942305,102.3866176
India,Other Arable Land,123,20.1031,20.5076,17.833,17.8518,15.8689,30.0647277,28.56817019,26.49156987,24.61079118,24.22641202,24.55918958,24.69793617,35.83648512,24.52455769,34.54039727,24.4698704,34.35382917,24.55554603,34.83944448,24.7435195,35.40495414,25.12223454
India,Other Arable Land,145,12.3957,10.128,12.4209,11.4671,10.4072,18.53475699,17.61213663,16.33192273,15.1724319,14.93546404,15.14061977,15.22615636,22.09301709,15.11926938,21.2939853,15.08555494,21.17896698,15.13837354,21.47834643,15.25425826,21.82698036,15.48773422
India,Other Arable Land,128,1.71548,1.81754,2.6167,2.61954,2.32509,3.619061284,3.438912193,3.18894007,2.962540103,2.916270211,2.956328528,2.973030239,4.313840362,2.952159691,4.157822939,2.945576673,4.135364681,2.955889933,4.193820943,2.978517362,4.261894539,3.024105432
India,Other Arable Land,155,12.3443,8.39571,4.28909,4.29294,3.75096,10.78866394,10.25162745,9.506443815,8.831530359,8.693596712,8.813013236,8.862802156,12.85984689,8.800585655,12.3947485,8.780961236,12.32779893,8.811705756,12.50206096,8.879159636,12.70499291,9.015060726
India,Other Arable Land,129,3.90318,3.92746,3.40136,3.40497,3.05027,5.769712106,5.48250824,5.08398855,4.723048923,4.649282844,4.713146078,4.739772891,6.877368193,4.706499883,6.628636396,4.696004863,6.592832171,4.712446845,6.686026449,4.748520772,6.794553224,4.821199851
India,Other Arable Land,89,4.96695,5.11847,6.29392,6.2966,5.63476,1.757092964,1.443180386,1.271021146,1.058944385,0.941705396,0.858662707,0.826731705,0.852013695,0.868448116,0.872654416,0.908307659,0.974639175,1.066107476,1.089351703,1.134479202,1.183432273,1.273274718
India,Other Arable Land,140,23.6013,23.7417,20.5092,20.5313,18.2513,34.78508215,33.05355554,30.6509157,28.47484273,28.03011359,28.41513935,28.57567004,41.46304239,28.37507003,39.96346046,28.31179649,39.74759997,28.41092374,40.30945999,28.62841024,40.96375829,29.06658596
India,Other Arable Land,122,6.57463,6.66807,8.75223,8.76156,7.6748,12.53657886,11.91253492,11.04662108,10.26236218,10.10208135,10.24084502,10.29870045,14.9433225,10.226404,14.40287165,10.20360015,14.32507531,10.23932571,14.52757024,10.31770807,14.76338001,10.47562704
India,Other Arable Land,113,8.66536,7.89953,2.78995,2.79298,2.48356,8.034943347,7.63498114,7.079999699,6.577352531,6.474625349,6.563561756,6.600642451,9.577473329,6.554306216,9.231087606,6.539690774,9.18122638,6.562588,9.311009414,6.612824814,9.462144596,6.714038233
India,Other Arable Land,235,18.6104,12.3023,6.4247,6.43168,5.68601,16.1326262,15.32957875,14.21528239,13.20606322,12.99980672,13.17837398,13.25282491,19.22973075,13.15979063,18.53425461,13.13044563,18.43414283,13.17641887,18.69472228,13.27728476,18.99817276,13.48050191
India,Other Arable Land,147,7.13232,5.52457,18.7534,17.7231,16.2421,21.32598167,20.26442015,18.79141362,17.45731033,17.18465651,17.42070749,17.51912538,25.42009469,17.39614185,24.50073343,17.35735021,24.36839403,17.41812299,24.71285827,17.55145926,25.1139944,17.82009531
India,Other Arable Land,107,16.4353,17.537,24.5369,24.5618,21.8276,34.21872052,32.51538617,30.15186548,28.01122277,27.57373459,27.95249147,28.11040844,40.78795194,27.91307454,39.31278582,27.8508312,39.10043991,27.94834449,39.65315188,28.16228993,40.29679706,28.59333139
India,Other Arable Land,117,4.75177,4.90943,4.80704,4.81226,4.26164,7.679624981,7.297349758,6.766910507,6.28649122,6.188306803,6.273310296,6.308751222,9.153941759,6.264464051,8.822873781,6.250494928,8.7752175,6.272379601,8.899261315,6.320394861,9.043713051,6.417132456
India,Pasture,118,0.253833,0.684824,0.392804,0.259204,0.328483,5.683185159,5.037392673,4.876991339,4.776614962,4.677532028,4.611776571,4.497433609,4.564210368,4.62486306,3.960450845,4.942561199,3.977961752,5.352937296,3.977145535,5.627241714,3.959004608,5.373768284
India,Pasture,120,0.236241,0.626801,0.232559,0.153462,0.194339,4.274355508,3.788651349,3.668012604,3.592518966,3.517998135,3.468543086,3.382545102,3.432768277,3.478385508,2.978677346,3.717328064,2.991847397,4.025974234,2.991233516,4.232280129,2.977589622,4.041641337
India,Pasture,153,0.333349,0.936716,0.416198,0.274438,0.351268,6.84644848,6.068471895,5.875238798,5.754316872,5.634953138,5.555738519,5.417991257,5.498436223,5.571503617,4.771096121,5.954229832,4.79219125,6.448603801,4.791207966,6.779054247,4.769353861,6.473698582
India,Pasture,110,5.49298,14.7883,7.9405,5.22428,6.70969,118.9134775,105.4010847,102.0448892,99.94464015,97.8714548,96.49560485,94.10312267,95.50034208,96.7694231,82.86743597,103.4168557,83.2338296,112.0034577,83.2167513,117.7429315,82.83717529,112.4393198
India,Pasture,123,1.4106,3.69761,1.74933,1.15414,1.47936,28.10587702,24.9121461,24.11889019,23.62248439,23.13247523,22.80728527,22.24180849,22.57204925,22.87200377,19.58619001,24.4431623,19.67278923,26.47265453,19.66875268,27.82921182,19.57903772,26.57567302
India,Pasture,145,0.259359,0.720213,0.398845,0.263188,0.347142,5.889289119,5.2200766,5.053858219,4.949841636,4.847165403,4.779025287,4.660535612,4.729734068,4.792586364,4.10407886,5.121806008,4.12222481,5.547064629,4.121378993,5.831316854,4.102580174,5.568651064
India,Pasture,128,0.157101,0.408465,0.156933,0.103538,0.132504,2.83853355,2.515984911,2.435870582,2.385736422,2.336248287,2.303405952,2.246296017,2.279648454,2.309942153,1.978093671,2.468620218,1.986839699,2.673587378,1.98643203,2.81059194,1.977371331,2.683991659
India,Pasture,155,0.134001,0.41098,0.279542,0.184305,0.231784,3.673832193,3.256366783,3.152677114,3.087789916,3.023738849,2.981231961,2.907316218,2.950483315,2.989691577,2.560189648,3.195064025,2.571509381,3.460347115,2.570981746,3.637668172,2.559254744,3.473813076
India,Pasture,129,0.205463,0.545223,0.227566,0.150036,0.193446,3.914059287,3.469296358,3.358826557,3.289696469,3.221457187,3.176170829,3.097421832,3.14341157,3.185183608,2.727597109,3.403985093,2.739657024,3.686614698,2.739094888,3.875530548,2.726601073,3.700961181
India,Pasture,89,4.3012,11.6516,3.90459,2.58251,3.34384,63.97196496,64.93322126,64.36325352,63.76013908,63.4285441,63.4928585,63.48449921,63.41512999,63.41547801,63.41871129,63.2859449,63.02722806,62.63015602,62.67271154,62.62993353,62.53268222,62.25715847
India,Pasture,140,1.19329,3.24676,1.7389,1.14701,1.47461,26.06118382,23.09979576,22.36424896,21.90395651,21.44959536,21.14806286,20.62372433,20.92994018,21.20807311,18.16130121,22.66493038,18.24160036,24.54677773,18.23785747,25.80464592,18.15466925,24.64230166
India,Pasture,122,0.606527,1.60785,0.564289,0.372358,0.469057,10.72016885,9.502013135,9.199448757,9.010109208,8.823209477,8.699175229,8.483490569,8.609451295,8.723860218,7.470582183,9.323132915,7.503612934,10.09722366,7.502073309,10.61464296,7.467854151,10.13651707
India,Pasture,113,0.161024,0.430641,0.213639,0.140714,0.180953,3.337306378,2.958081116,2.8638895,2.804946018,2.746762077,2.708148853,2.641003848,2.680216806,2.715833561,2.325674335,2.902393738,2.335957171,3.143376695,2.335477869,3.304455009,2.324825069,3.155609164
India,Pasture,235,0.2577,0.688532,0.502678,0.331702,0.422903,6.525282961,5.783801101,5.599632529,5.484383027,5.370618622,5.295119945,5.163834378,5.240505688,5.310145505,4.547284964,5.67491811,4.567390524,6.146101096,4.566453366,6.461050178,4.545624432,6.170018685
India,Pasture,147,0.526918,1.39033,0.486468,0.321007,0.428317,9.337117373,8.276120754,8.012591405,7.847679303,7.684892247,7.576860148,7.389001821,7.498711855,7.59836043,6.506772762,8.12031858,6.535542085,8.794540813,6.534201092,9.245205797,6.504396684,8.828764821
India,Pasture,107,4.61261,12.1849,4.1928,2.76625,3.55483,80.87739263,71.68712151,69.40445056,67.97599461,66.56594565,65.63017992,64.00296554,64.95326541,65.8164137,56.36116527,70.33757506,56.61036293,76.17763619,56.59874736,80.08126163,56.34058387,76.47408192
India,Pasture,117,0.309319,0.810478,0.340481,0.224432,0.286977,5.838769233,5.175297396,5.010504881,4.907380579,4.80558513,4.738029538,4.620556299,4.689161153,4.751474285,4.068872982,5.077869796,4.086863271,5.499480435,4.086024709,5.781294269,4.067387152,5.520881697
India,Other Land,110,6.63837,6.58505,6.36894,6.37661,6.37661,27.37649611,27.93594858,28.25521767,28.29699291,28.60622644,28.4526248,28.37681082,28.31707254,27.30870354,5.504587211,26.52051544,4.621832211,26.10243273,4.069561534,25.84658629,4.095833795,26.90638451
India,Other Land,145,0.0554701,0.0541101,0.0393501,0.0393401,0.0393401,0.192643878,0.196580653,0.198827296,0.199121262,0.201297287,0.200216418,0.199682927,0.199262559,0.192166833,0.03873487,0.186620484,0.032523069,0.183678505,0.028636832,0.181878155,0.028821705,0.18933578
India,Other Land,155,0.015325,0.02606,0.0854002,0.0853801,0.0853801,0.251835042,0.256981417,0.259918358,0.260302646,0.26314727,0.261734297,0.261036887,0.260487358,0.251211421,0.050636427,0.243960918,0.042516007,0.240114995,0.037435696,0.237761476,0.037677374,0.247510508
India,Other Land,89,39.7103,39.8273,40.7016,40.7501,40.7501,111.3247058,111.3247058,111.3247058,111.3247058,111.3247058,111.3247058,111.3247058,111.3247058,111.3247058,111.3247058,111.3247058,111.3247058,111.3247058,111.3247058,111.3247058,111.3247058,111.3247058
India,Other Land,107,70.7142,69.5451,60.2911,60.3496,60.3496,271.8976882,277.4540542,280.6249687,281.0398718,284.1111151,282.5855754,281.8326066,281.2392985,271.2243864,54.67041988,263.3962655,45.90308008,259.2439546,40.41804213,256.7029407,40.67897278,267.2286372
India,Built-up Area,118,0.234465,0.416941,0.640851,0.710161,0.710161,0.983961615,1.01594098,1.022668046,1.05527766,1.062562552,1.093361504,1.100311193,1.098153472,1.114758624,1.133188676,1.123829878,1.126659862,1.127604161,1.111874767,1.12678305,1.091690534,1.122419891
India,Built-up Area,120,0.0808351,0.14046,0.21629,0.24846,0.24846,0.338982624,0.34999977,0.352317298,0.36355157,0.366061274,0.376671758,0.379065982,0.378322629,0.384043237,0.390392537,0.387168356,0.388143308,0.388468627,0.383049725,0.388185748,0.376096096,0.386682604
India,Built-up Area,153,0.340535,0.514071,0.723611,0.815671,0.815671,1.16423627,1.202074673,1.210034226,1.248618349,1.257237929,1.293679652,1.301902615,1.299349571,1.318997004,1.340803683,1.32973023,1.333078705,1.334196012,1.315584787,1.333224463,1.291702538,1.328061915
India,Built-up Area,110,4.07017,6.6511,9.59556,10.8547,10.8547,15.24460565,15.74006482,15.84428786,16.34951154,16.46237703,16.93954796,17.04722011,17.01379034,17.27105545,17.5565939,17.4115972,17.4554424,17.47007251,17.2263756,17.45735097,16.91365946,17.38975215
India,Built-up Area,123,0.274605,0.564821,0.957482,1.12154,1.12154,1.465466302,1.513094869,1.523113846,1.571681077,1.582530854,1.628401369,1.63875191,1.635538301,1.660269235,1.687718092,1.673779536,1.677994382,1.679400777,1.655974155,1.678177853,1.625912704,1.671679568
India,Built-up Area,145,0.371291,0.563991,0.828081,0.904031,0.904031,1.295499637,1.337604182,1.346461145,1.389395486,1.398986892,1.439537286,1.448687357,1.445846467,1.467709076,1.491974378,1.479652434,1.483378437,1.484621717,1.463912145,1.483540629,1.437337259,1.477796023
India,Built-up Area,128,0.0963851,0.16775,0.2417,0.27619,0.27619,0.383857222,0.39633282,0.398957143,0.411678611,0.41452055,0.426535652,0.429246823,0.428405066,0.434882969,0.442072791,0.438421792,0.439525809,0.439894193,0.433757936,0.439573866,0.425883783,0.437871736
India,Built-up Area,155,0.22144,0.3449,0.494051,0.561761,0.561761,0.792193172,0.817939943,0.823355943,0.849610131,0.85547524,0.880271654,0.885866888,0.884129695,0.897498598,0.91233674,0.904801917,0.907080354,0.907840615,0.895176789,0.907179534,0.878926346,0.903666729
India,Built-up Area,129,0.565721,0.828521,1.16104,1.26979,1.26979,1.848111573,1.908176349,1.920811363,1.982059896,1.995742639,2.053590321,2.066643473,2.062590765,2.093779149,2.128395127,2.1108171,2.116132476,2.117906093,2.088362588,2.116363854,2.050451846,2.108168813
India,Built-up Area,89,0.26835,0.422511,0.639681,0.726571,0.726571,0.185088769,0.185088769,0.185088769,0.185088769,0.185088769,0.185088769,0.185088769,0.185088769,0.185088769,0.185088769,0.185088769,0.185088769,0.185088769,0.185088769,0.185088769,0.185088769,0.185088769
India,Built-up Area,140,0.619961,0.990101,1.45077,1.69063,1.69063,2.336806135,2.412753788,2.428729869,2.506174298,2.523475157,2.596619453,2.613124239,2.607999876,2.647435378,2.691204829,2.66897866,2.675699577,2.677942189,2.640586521,2.675992137,2.592651073,2.665630088
India,Built-up Area,122,0.328385,0.498841,0.714741,0.801341,0.801341,1.1406908,1.17776396,1.18556254,1.223366338,1.231811596,1.267516323,1.275572985,1.273071574,1.292321658,1.31368732,1.302837816,1.306118571,1.307213282,1.28897845,1.306261382,1.265579194,1.301203241
India,Built-up Area,113,0.0768851,0.12117,0.18584,0.20207,0.20207,0.285852058,0.295142428,0.297096717,0.306570182,0.308686526,0.317633972,0.319652936,0.319026093,0.323850079,0.329204219,0.326485382,0.327307524,0.327581854,0.323012286,0.327343312,0.317148536,0.326075764
India,Built-up Area,235,0.141575,0.24381,0.301211,0.34147,0.34147,0.496785846,0.512931696,0.516328079,0.532792131,0.536470152,0.55202003,0.555528812,0.554439415,0.56282308,0.572128106,0.567403005,0.568831817,0.569308578,0.561367069,0.568894013,0.551176385,0.566691126
India,Built-up Area,147,0.0464751,0.0779901,0.13033,0.15074,0.15074,0.201783411,0.208341498,0.209721034,0.216408367,0.217902298,0.224218314,0.225643503,0.225201014,0.228606273,0.232385769,0.230466538,0.231046889,0.231240539,0.228014874,0.231072152,0.223875644,0.230177388
India,Built-up Area,107,0.463516,0.784141,1.25662,1.40899,1.40899,1.930596894,1.993342495,2.006541438,2.070523629,2.084817063,2.145246616,2.158882358,2.154648769,2.18722916,2.223390126,2.205027552,2.210580166,2.212432943,2.181570846,2.21082187,2.141968063,2.202261066
India,Built-up Area,117,0.0890151,0.16507,0.324521,0.3606,0.3606,0.471492004,0.486815788,0.490039245,0.505665029,0.509155784,0.523913941,0.527244073,0.526210142,0.534166953,0.542998214,0.538513691,0.539869755,0.540322242,0.532785075,0.539928784,0.52311325,0.537838058
Indonesia,Forest,158,4.42965,3.64501,2.82191,2.71526,2.90774,48.33945353,49.46216839,50.05718995,50.6900026,51.3881845,52.31412165,53.368039,57.08521911,54.78036432,58.05598862,55.88114389,58.88556583,56.88327532,59.64748387,57.8522875,60.5696423,58.87936704
Indonesia,Forest,167,22.9289,18.8137,14.3973,13.909,14.845,248.4159536,254.1855736,257.2433833,260.495401,264.0833506,268.8417321,274.2578025,293.3603527,281.5157278,298.3491273,287.1726226,302.612316,292.3225657,306.5278049,297.3023093,311.2667676,302.5804605
Indonesia,Forest,175,6.27221,4.69281,3.67259,2.95213,2.94698,60.09441058,61.49014186,62.22985792,63.01655492,63.88451735,65.03561947,66.3458234,70.96692958,68.10159124,72.17376618,69.47005311,73.20507602,70.71587807,74.15227363,71.92053,75.29867813,73.19736983
Indonesia,Forest,165,36.9137,29.583,21.8449,20.7921,21.7406,382.9634878,391.8580607,396.5720473,401.5854291,407.116691,414.4523163,422.8018493,452.2507602,433.9908263,459.9415646,442.7116196,466.5137899,450.6508849,472.5499936,458.327767,479.8556825,466.4646807
Indonesia,Forest,164,10.1798,8.13931,6.50362,6.15734,6.33381,109.1876222,111.7235749,113.0675907,114.4969678,116.0739989,118.1654763,120.5460313,128.9422797,123.7361469,131.135023,126.2225528,133.0088457,128.4861355,134.729842,130.6749094,136.8127841,132.9948441
Indonesia,Forest,163,23.6695,17.839,12.039,10.7373,10.9799,220.2390539,225.3542474,228.0652211,230.9483745,234.1293563,238.3480122,243.1497578,260.0855767,249.5844436,264.5084931,254.5996978,268.2881241,259.165502,271.7594937,263.5804118,275.9609334,268.2598819
Indonesia,Other Arable Land,158,2.73713,2.47022,2.23115,2.56383,2.46124,3.151332259,2.958111311,2.819133764,2.657750278,2.538466857,2.419967488,2.357313199,4.074256131,2.160120526,3.694220314,2.007653321,3.457372329,1.949386072,3.414248986,1.924511865,3.377526336,1.910024644
Indonesia,Other Arable Land,167,4.24822,5.00692,10.029,11.2622,10.7802,10.44914568,9.808466227,9.347646322,8.812533102,8.417014718,8.024096082,7.81634782,13.50936441,7.162498973,12.24924669,6.656950239,11.46390929,6.463748469,11.32092148,6.3812709,11.199157,6.333234368
Indonesia,Other Arable Land,175,6.92769,0,0,0,0,1.751621163,1.644222173,1.566973571,1.477270961,1.410969045,1.345102933,1.310277479,2.26461467,1.200670865,2.053377413,1.115924237,1.921728984,1.083537253,1.897759515,1.069711295,1.877347776,1.061658789
Indonesia,Other Arable Land,165,3.13991,7.0374,21.399,23.8653,22.6435,19.74330999,18.53276767,17.66206393,16.65098546,15.90366675,15.16126018,14.76872681,25.52549054,13.53330137,23.14454041,12.578084,21.66067175,12.21303574,21.39050109,12.05719715,21.1604312,11.96643373
Indonesia,Other Arable Land,164,5.0876,2.95426,0,0,0,2.033331769,1.908659961,1.818987582,1.714858235,1.637893082,1.561433822,1.521007442,2.628829253,1.39377296,2.383619025,1.295396659,2.230797776,1.257800925,2.202973334,1.241751359,2.179278805,1.232403781
Indonesia,Other Arable Land,163,30.1542,36.2261,49.4012,54.4005,50.6872,55.84533445,52.42123073,49.95838425,47.09847803,44.98463474,42.88468578,41.77437767,72.20063692,38.27989031,65.4659528,35.57799113,61.26872641,34.54542658,60.50452978,34.1046262,59.85376098,33.84789552
Indonesia,Pasture,158,0.346749,0.330268,0.312245,0.310965,0.371676,5.103981388,4.932635732,4.833886752,4.747249945,4.680543869,4.620065457,4.559837308,5.664231304,4.516137827,5.608343134,4.498150692,5.566498611,4.476418175,5.516952044,4.440708107,5.454628607,4.403847055
Indonesia,Pasture,167,5.4103,5.14534,4.7797,4.7601,5.66745,78.64888756,76.00856735,74.48691262,73.15189825,72.12400291,71.19207165,70.26399676,87.28195836,69.59061744,86.4207596,69.3134479,85.77596392,68.97856457,85.01248496,68.42829666,84.05212312,67.86029289
Indonesia,Pasture,175,2.36853,2.22547,3.31139,3.16408,3.57644,44.71099822,43.2100062,42.34496279,41.5860223,41.00167549,40.47188317,39.94428314,49.61880079,39.56147466,49.12921909,39.40390693,48.76266008,39.21352956,48.32863097,38.90070851,47.78267619,38.57780483
Indonesia,Pasture,165,3.75373,3.53542,3.35471,3.34095,3.91805,54.65380721,52.81902535,51.76161403,50.83390075,50.11960718,49.47199991,48.82707247,60.65300442,48.35913522,60.05454979,48.16652767,59.60647557,47.93381428,59.0759273,47.55142824,58.40856336,47.1567174
Indonesia,Pasture,164,1.25407,1.16388,1.2492,1.2436,1.43957,19.38624136,18.73542624,18.36035208,18.03128308,17.77791615,17.5482035,17.31944141,21.51421544,17.15345948,21.30193771,17.08513969,21.14300139,17.00259397,20.95481072,16.86695789,20.71809019,16.72695009
Indonesia,Pasture,163,4.43885,4.10846,4.26095,4.17298,4.80844,66.5194818,64.28635762,62.99937586,61.87025036,61.00087932,60.21267256,59.42772744,73.82114128,58.85819816,73.0927585,58.62377433,72.54740464,58.34053745,71.9016711,57.87513308,71.08941838,57.39472811
Indonesia,Built-up Area,158,0.01396,0.02069,0.05749,0.07132,0.07132,0.05799208,0.065305209,0.065923461,0.0732586,0.073741407,0.080335591,0.080676889,0.118582938,0.083400796,0.12000436,0.084589645,0.11941246,0.084400042,0.11755886,0.083341356,0.114924887,0.081836228
Indonesia,Built-up Area,167,0.03383,0.07568,0.17953,0.21476,0.21476,0.177488666,0.19987099,0.201763191,0.224212879,0.22569054,0.245872487,0.24691705,0.362931066,0.255253753,0.367281423,0.258892305,0.365469874,0.258312013,0.359796808,0.255071831,0.351735355,0.250465286
Indonesia,Built-up Area,175,1.44787,2.86911,5.47308,6.46511,6.46511,5.612046578,6.319757362,6.379587216,7.089428017,7.136150458,7.774287104,7.807315351,11.47558372,8.070915079,11.61313847,8.185963129,11.55585877,8.167614761,11.37648106,8.065162856,11.1215845,7.919507679
Indonesia,Built-up Area,165,0.0899301,0.22583,0.46676,0.5613,0.5613,0.470576187,0.529918504,0.534935302,0.594456222,0.598373949,0.651882399,0.654651853,0.962240131,0.676754976,0.973774246,0.686401879,0.968971281,0.684863349,0.953930266,0.676272646,0.932556913,0.664059301
Indonesia,Built-up Area,164,0.14021,0.28712,0.56968,0.67068,0.67068,0.577591533,0.650429089,0.656586774,0.729643552,0.734452223,0.800129212,0.803528477,1.181066461,0.830658147,1.195223589,0.842498886,1.189328365,0.840610473,1.170866821,0.830066129,1.144632881,0.815075306
Indonesia,Built-up Area,163,0.4034,0.895081,1.77183,2.10686,2.10686,1.799199713,2.026088963,2.045270175,2.2728423,2.287821328,2.492405387,2.502994111,3.679026295,2.587503131,3.723125799,2.624387076,3.704762154,2.618504663,3.647254379,2.585658991,3.56553556,2.538962523
Japan,Forest,51,39.0843,30.5257,17.0626,18.3049,19.2994,230.1209259,228.5560197,227.9490649,228.0266465,228.1187554,228.168028,228.2054035,229.1631919,228.4754766,283.1715979,228.8575774,284.3287527,229.2655037,285.3014502,231.857922,286.0919745,232.4537831
Japan,Forest,103,0.0354048,0.0276601,0.0157249,0.0168896,0.018445,0.017200806,0.020096106,0.020408915,0.020561753,0.020646044,0.020718701,0.02077831,0.020796078,0.020807312,0.020816912,0.020824533,0.020831291,0.020840691,0.020843454,0.02084597,0.020848129,0.020852444
Japan,Other Arable Land,51,6.53475,6.10382,5.83211,5.70834,5.43478,1.917424058,1.576171699,1.306979389,1.177431815,1.188430742,1.170095126,1.009092319,1.347575806,0.875592179,1.679258502,0.768172771,1.569924918,0.747495508,1.590610668,0.768768736,1.626522117,0.782639046
Japan,Other Arable Land,103,0.00726038,0.00748317,0.0176244,0.0102969,0.00996103,0,0,0,0,0,0,0,0,0,0,0,0,0,0,0,0,0
Japan,Pasture,51,0,0,0,0,0,,,,,,,,,,,,,,,,,
Japan,Pasture,103,0,0,0,0,0,,,,,,,,,,,,,,,,,
Japan,Built-up Area,51,9.6198,11.717,12.4126,12.6511,12.6511,9.676794781,9.746465349,9.746465349,9.783311158,9.783311158,9.79036665,9.79036665,11.2151567,9.744931988,14.67064412,9.681825226,14.4306738,9.607239856,14.19280895,9.533308888,13.9559931,9.45970396
Mexico,Forest,217,0.039019,0.0486929,0.0569849,0.0563938,0.0597371,7.370373829,7.406332679,7.447233442,7.500639133,7.567218114,7.617452257,7.661294432,8.116531235,7.71492427,5.797875374,7.778257743,5.919313983,7.841291832,6.010757211,7.887108231,6.110155054,7.934351293
Mexico,Forest,133,2.13442,2.56945,2.87312,2.83017,2.93575,47.25664877,48.57896719,49.63117528,50.5272039,51.60059768,52.6119568,53.48749447,51.2008929,54.71660482,52.6729562,55.83623828,54.09308324,56.80636629,54.98988859,57.39508532,55.55733407,57.930511
Mexico,Forest,91,0.322541,0.396824,0.430143,0.425647,0.472316,7.251537927,7.454447832,7.61590928,7.753404969,7.918117363,8.073310529,8.207661882,7.85678262,8.396268999,8.082670895,8.568076875,8.300589544,8.716943125,8.438204424,8.807282125,8.525278994,8.889443254
Mexico,Forest,96,6.72755,8.20702,8.88454,8.79,9.4581,148.9896408,153.1586149,156.4759916,159.3009694,162.6851398,165.8737288,168.6341032,161.4249601,172.5092132,166.0660463,176.039167,170.5433891,179.0977635,173.3708158,180.9538629,175.1598444,182.6419403
Mexico,Forest,115,1.3338,1.50993,1.30154,1.28318,1.38428,24.12867874,24.80383868,25.34108353,25.798585,26.34664701,26.86303486,27.31007391,26.14256254,27.93764292,26.89418042,28.50931435,27.61928027,29.0046501,28.07717835,29.30524298,28.36690921,29.57862492
Mexico,Forest,105,0.835839,0.982257,0.988597,0.971573,1.03419,17.04429865,17.52122604,17.90073135,18.2239066,18.61105306,18.97582515,19.29160983,18.46688947,19.73491938,18.99782612,20.13874334,19.51003064,20.4886444,19.83348605,20.70098072,20.03814952,20.89409546
Mexico,Forest,114,0.368714,0.451233,0.479535,0.474435,0.499452,8.051601964,8.276898971,8.456174502,8.608840125,8.79172528,8.964040949,9.11321532,8.723623459,9.322631508,8.974434045,9.513394992,9.216395715,9.678685694,9.36919368,9.778991818,9.46587521,9.870217806
Mexico,Forest,130,0.662778,0.800496,0.868023,0.852488,0.901069,14.46734714,14.8721672,15.19429456,15.46860849,15.79722173,16.10684342,16.37488417,15.67485445,16.75116913,16.12551803,17.09393837,16.56028164,17.3909374,16.83483336,17.5711703,17.00855348,17.73508774
Mexico,Forest,134,2.23745,2.6566,2.70758,2.66892,2.85242,46.47768621,47.77820798,48.81307183,49.69433062,50.75003095,51.74471916,52.60582477,50.35691476,53.81467488,51.80471307,54.91585268,53.20143121,55.86998943,54.08345393,56.44900421,54.64154583,56.97560412
Mexico,Forest,231,0.595227,0.713652,0.760728,0.753726,0.815641,102.8287975,103.3304824,103.9011151,104.646212,105.5750979,106.2759466,106.8876168,113.2389165,107.6358409,80.88986615,108.5194467,82.58413383,109.3988756,83.85991677,110.0380895,85.24667961,110.6972076
Mexico,Forest,131,1.2706,1.50222,1.68426,1.66338,1.7316,27.80967882,28.58783917,29.2070445,29.73434106,30.36601379,30.96118024,31.47641825,30.13079479,32.19972735,30.99707729,32.85861129,31.83279623,33.42951399,32.36054988,33.77596444,32.69448123,34.09105272
Mexico,Forest,132,1.04963,1.22664,1.13921,1.11401,1.19679,20.28079353,20.84828334,21.29985186,21.68439397,22.1450546,22.57909226,22.95484042,21.9735162,23.48232881,22.60527094,23.96283378,23.21473657,24.37917659,23.59961202,24.63183287,23.84313849,24.86161763
Mexico,Forest,136,1.83862,2.17368,2.29546,2.25745,2.40134,38.84028309,39.92709781,40.79190861,41.52835535,42.41057869,43.24181568,43.9614209,42.08206096,44.97162782,43.29195114,45.89185559,44.45915486,46.6892047,45.19624001,47.17307341,45.66262396,47.61314027
Mexico,Forest,221,0.0438461,0.0540344,0.061259,0.0607546,0.0663733,8.089239575,8.128705653,8.173595652,8.232210241,8.305282969,8.360416674,8.408534974,8.908173072,8.467395572,6.363368265,8.536906243,6.496651329,8.606088331,6.597013427,8.65637341,6.706105988,8.7082243
Mexico,Forest,111,4.66015,5.69606,6.21446,6.12842,6.70397,104.1369596,107.0508822,109.3695772,111.3441077,113.7094884,115.9381666,117.8675423,112.8286803,120.5760673,116.0725877,123.0433439,119.202046,125.1811634,121.1782882,126.4784921,122.4287376,127.6583812
Mexico,Other Arable Land,217,0.292704,0.232339,0.0948538,0.0384317,0.0369472,1.098086083,1.080571372,1.059931529,1.02979164,1.010213706,1.003156307,0.97427183,0.979260906,0.918534797,1.274255508,0.876730618,1.215458342,0.87085711,1.225792204,0.87798789,1.240021286,0.892052217
Mexico,Other Arable Land,133,0.872607,2.36519,0.957481,2.18806,2.06091,3.193801456,3.210761513,3.18272325,3.157046678,3.081984604,3.099505712,3.197509132,6.732563871,3.240601279,6.731123118,3.206213332,6.692459726,3.205536644,6.766033937,3.268167228,6.878422173,3.309524663
Mexico,Other Arable Land,91,1.86989,1.98536,0.488853,0.505641,0.500613,2.023623415,2.034369471,2.016604157,2.000335233,1.952775179,1.963876722,2.025972634,4.265817422,2.053276235,4.264904547,2.0314877,4.240407049,2.031058943,4.287024379,2.070742286,4.35823465,2.096946755
Mexico,Other Arable Land,96,10.7138,11.2404,15.1975,15.5214,14.8884,25.55325437,25.68894992,25.46461885,25.25918342,24.65862002,24.79880448,25.58291907,53.86650344,25.92769461,53.85497614,25.65256042,53.54563459,25.64714631,54.13429377,26.14824673,55.03349969,26.47914302
Mexico,Other Arable Land,115,1.42177,3.17893,8.96738,9.4464,9.08468,12.14061263,12.20508298,12.09850099,12.00089652,11.7155627,11.78216577,12.15470664,25.592527,12.31851302,25.58705025,12.18779396,25.44007892,12.18522166,25.71975692,12.42329959,26.14697885,12.58051181
Mexico,Other Arable Land,105,2.59712,2.30547,3.23613,4.07237,3.89277,6.090836214,6.123180406,6.069709183,6.020741896,5.877592485,5.911006646,6.09790705,12.83954072,6.18008724,12.83679308,6.114506659,12.76305889,6.11321616,12.90337083,6.232657721,13.11770423,6.311529675
Mexico,Other Arable Land,114,1.33467,0.0312724,0,0.348598,0.335054,0.775201958,0.779318516,0.772513047,0.766280809,0.748061685,0.752314421,0.776101887,1.634133105,0.786561247,1.633783405,0.778214578,1.624398996,0.778050331,1.642256986,0.793252075,1.669535945,0.803290384
Mexico,Other Arable Land,130,5.95227,6.08524,5.63085,6.3113,6.00719,11.34169025,11.40191807,11.3023498,11.21116826,10.94461106,11.00683126,11.35485679,23.908391,11.50788377,23.90327466,11.38576677,23.76597489,11.38336374,24.02724846,11.60577478,24.42635673,11.75264152
Mexico,Other Arable Land,134,7.4453,10.9952,18.4437,20.3186,19.46,28.99556743,29.14954271,28.89499171,28.6618818,27.9804157,28.13948459,29.02922831,61.12293214,29.42044902,61.10985198,29.10825113,60.75883862,29.10210769,61.42679686,29.67071201,62.44713601,30.04618378
Mexico,Other Arable Land,231,10.446,12.0707,8.6799,8.83357,8.50562,76.65516793,75.43250134,73.99167569,71.88767104,70.52097504,70.0283123,68.01194543,68.36022273,64.12105585,88.95319904,61.20279071,84.84868787,60.79277304,85.57007383,61.29055832,86.56337726,62.27236055
Mexico,Other Arable Land,131,11.4177,10.616,0.632815,2.03649,1.92192,10.07013582,10.1236113,10.03520595,9.954247082,9.717574488,9.772818978,10.08182621,21.22794216,10.21769683,21.22339943,10.10927077,21.10149279,10.10713716,21.33347412,10.30461295,21.68783703,10.43501398
Mexico,Other Arable Land,132,10.2964,10.8711,10.8241,11.7501,11.2926,20.81519011,20.9257251,20.74298933,20.57564557,20.08643816,20.20062973,20.83935441,43.87861889,21.12020194,43.86922897,20.89608292,43.61724529,20.89167269,44.09675575,21.29985946,44.82923162,21.56940122
Mexico,Other Arable Land,136,6.22144,7.91119,9.74862,10.5227,10.0459,16.8119169,16.90119329,16.7536021,16.61844267,16.22332188,16.3155516,16.83143381,35.43968085,17.05826745,35.43209685,16.87725203,35.22857583,16.87368999,35.61586462,17.20337241,36.20746736,17.42107466
Mexico,Other Arable Land,221,2.21005,2.42752,2.54699,2.55102,2.46121,19.2630425,18.95579279,18.59372084,18.06499548,17.72155193,17.59774837,17.09104592,17.17856619,16.11328574,22.35347335,15.37994098,21.32203118,15.27690569,21.5033117,15.40199652,21.75292365,15.64871829
Mexico,Other Arable Land,111,10.3846,13.2857,16.3335,16.8396,16.2766,27.65560207,27.80246173,27.55967423,27.33733697,26.68736331,26.83908119,27.68770739,58.29827241,28.0608487,58.28579672,27.76307835,57.95100466,27.75721881,58.5880947,28.29954636,59.56128116,28.65766654
Mexico,Pasture,217,0.0593304,0.0723986,0.0756837,0.0774765,0.0818423,2.318918024,2.265687235,2.225921653,2.186688322,2.138684195,2.093116276,2.046102651,2.039346471,2.009783744,2.364526236,1.994342765,2.35020402,1.986561645,2.342958195,1.986428617,2.332807205,1.973692741
Mexico,Pasture,133,1.02711,1.25585,1.39601,1.44109,1.49742,15.2261947,13.92528745,13.35771024,12.9212576,12.54806691,12.25184621,11.97898051,12.26830623,11.76929186,12.14858032,11.62008052,12.07741109,11.51077909,12.02403469,11.39480804,11.97971905,11.31306559
Mexico,Pasture,91,2.39233,2.91354,2.98267,3.07897,3.36512,33.89838622,31.00215001,29.73854136,28.76685798,27.93601598,27.27653383,26.66904737,27.31317911,26.20221328,27.04663088,25.87002104,26.88818537,25.62668106,26.76935242,25.36849236,26.6706916,25.18650747
Mexico,Pasture,96,11.3969,13.895,14.6838,15.147,16.1885,164.0803169,150.0614975,143.9451795,139.2418843,135.2203118,132.0281823,129.0877305,132.2055585,126.8280865,130.9153697,125.2201572,130.1484368,124.0423046,129.5732428,122.792579,129.0956891,121.911707
Mexico,Pasture,115,1.67772,2.05269,2.20746,2.27924,2.44177,24.52507332,22.42968137,21.51547576,20.81247457,20.21137041,19.73424303,19.29473391,19.76075545,18.95698508,19.56791102,18.716648,19.4532776,18.54059446,19.3673034,18.35379806,19.29592349,18.22213418
Mexico,Pasture,105,2.22857,2.7439,2.92971,3.02009,3.20236,32.49943581,29.72272419,28.51126333,27.57968029,26.78312626,26.15086023,25.5684441,26.1859932,25.12087576,25.93044513,24.80239274,25.7785385,24.56909513,25.66460967,24.32156161,25.57002047,24.14708704
Mexico,Pasture,114,13.6538,16.6969,17.2246,17.78,18.724,193.4585057,176.9296501,169.7182201,164.1728111,159.4311856,155.6675129,152.2005803,155.876648,149.5363524,154.3554539,147.6405272,153.4512035,146.2517829,152.7730224,144.7782969,152.2099639,143.7397069
Mexico,Pasture,130,0.625167,0.77947,0.885947,0.914659,0.964507,9.59419981,8.774483239,8.416846336,8.141832521,7.906680792,7.720028733,7.548092925,7.730400382,7.415965705,7.654959712,7.321945928,7.610115161,7.253073846,7.576482085,7.17999916,7.548558287,7.128492301
Mexico,Pasture,134,2.96449,3.63569,4.09668,4.22366,4.49268,44.66793447,40.85156137,39.1865031,37.90611502,36.81131376,35.94231352,35.14182807,35.99060104,34.52668036,35.6393702,34.08895034,35.4305864,33.76830102,35.27400012,33.42808554,35.14399466,33.18828389
Mexico,Pasture,231,16.389,19.8771,20.9534,21.6334,23.1642,645.0749172,630.2672152,619.2052547,608.2913554,594.9376025,582.2615522,569.1833365,567.3039074,559.0801696,657.762176,554.7848092,653.7780325,552.6202629,651.7623943,552.5832575,648.9385993,549.0404006
Mexico,Pasture,131,4.18879,5.14357,6.0671,6.24851,6.51556,64.80161501,59.26504513,56.84947641,54.99196462,53.40369128,52.14299678,50.98169951,52.21304948,50.08927936,51.7035044,49.45424637,51.40061314,48.98906717,51.17344697,48.49550255,50.98484269,48.14761239
Mexico,Pasture,132,2.01644,2.49256,2.77217,2.85526,3.04933,30.33918486,27.74704241,26.61610786,25.74644753,25.00284078,24.41260173,23.86889904,24.4453994,23.45108075,24.20683772,23.15376743,24.06502838,22.93597722,23.95867244,22.70489735,23.87037063,22.54202018
Mexico,Pasture,136,1.30452,1.59975,1.74161,1.79777,1.90528,19.21009716,17.5688102,16.85272759,16.30207801,15.83124275,15.45751652,15.11325606,15.47828327,14.84870281,15.32723132,14.66045063,15.2374408,14.52255071,15.17009858,14.37623608,15.11418784,14.27310588
Mexico,Pasture,221,3.35829,4.09873,4.21697,4.35104,4.68552,130.957029,127.9509089,125.705214,123.489577,120.778624,118.2052518,115.5502357,115.1686917,113.499186,133.5326767,112.6271824,132.7238535,112.1877566,132.3146576,112.1802441,131.7413974,111.4610067
Mexico,Pasture,111,0.64106,0.780003,0.811546,0.829999,0.899377,9.116152224,8.337279447,7.997462421,7.736151645,7.512716757,7.33536496,7.171996151,7.345219823,7.046452398,7.273538114,6.957117319,7.230928021,6.891676907,7.198970771,6.822243293,7.172438325,6.773302852
Mexico,Other Land,91,1.05299,1.04003,1.06575,1.06897,1.06897,138.4336916,195.1976336,205.0607485,208.682031,208.9694146,206.7506711,203.424132,126.7079292,193.4929334,105.5093679,183.6052254,77.4595621,171.2535337,62.19611236,170.1758924,59.04331335,166.9652523
Mexico,Other Land,221,0.0321551,0.0300101,0.0342901,0.0348801,0.0348801,85.67815116,87.00917386,87.98775348,88.58759335,89.05613717,89.44153314,89.85080448,101.3473961,89.74318687,22.77479892,88.75268137,20.90827778,87.75551979,19.21735518,86.75957232,16.87963236,86.03652165
Mexico,Built-up Area,217,0.17931,0.268201,0.380351,0.391891,0.391891,4.487469897,4.60588654,4.626208938,4.734536827,4.753424384,4.849015255,4.86589455,5.130273533,4.941368251,6.058157909,5.013705834,6.151222649,5.074997506,6.201009961,5.120575879,6.212716805,5.154892825
Mexico,Built-up Area,133,0.146375,0.243211,0.471861,0.510551,0.510551,0.367089157,0.396469775,0.398390288,0.421270932,0.422826204,0.43610073,0.437209525,0.684136614,0.439919088,0.679565688,0.437962659,0.671039023,0.433090279,0.658717457,0.426049384,0.642593296,0.416835578
Mexico,Built-up Area,91,0.0303751,0.0529901,0.0933002,0.10218,0.10218,0.074298354,0.080244952,0.080633662,0.085264673,0.085579458,0.088266205,0.088490623,0.138468336,0.089039035,0.137543186,0.088643057,0.135817401,0.087656893,0.133323532,0.086231826,0.130060024,0.084366964
Mexico,Built-up Area,96,0.319681,0.494471,0.646572,0.700442,0.700442,0.558001554,0.602662177,0.605581494,0.640361695,0.642725819,0.662904041,0.664589487,1.039936176,0.668708215,1.032988044,0.665734305,1.020026908,0.658327941,1.001297254,0.647625281,0.976787386,0.633619643
Mexico,Built-up Area,115,0.0637802,0.13785,0.213621,0.237861,0.237861,0.173736036,0.187641301,0.188550242,0.199379198,0.200115278,0.206397849,0.206922619,0.323788325,0.208205001,0.321624997,0.207279063,0.317589495,0.204973061,0.311757941,0.201640745,0.304126695,0.197280033
Mexico,Built-up Area,105,0.160685,0.269991,0.370761,0.410261,0.410261,0.3162752,0.341588835,0.343243503,0.362956916,0.364296901,0.375733914,0.376689225,0.589435674,0.379023719,0.585497474,0.377338108,0.578151104,0.373140182,0.567535138,0.367073916,0.553642949,0.359135522
Mexico,Built-up Area,114,0.254021,0.352241,0.409331,0.439631,0.439631,0.369488775,0.399061451,0.400994518,0.42402473,0.425590169,0.438951469,0.440067512,0.688608734,0.442794787,0.684007929,0.440825569,0.675425525,0.435921339,0.663023415,0.428834419,0.646793852,0.419560383
Mexico,Built-up Area,130,0.307026,0.474121,0.602681,0.645752,0.645752,0.521678515,0.563431961,0.566161245,0.598677434,0.600887665,0.619752389,0.621328121,0.972241666,0.62517874,0.965745822,0.622398417,0.953628389,0.61547417,0.936117939,0.605468198,0.913203538,0.592374255
Mexico,Built-up Area,134,0.720172,1.07832,1.4524,1.56211,1.56211,1.243120093,1.342615368,1.349119043,1.42660264,1.431869452,1.476822648,1.480577499,2.316777697,1.489753231,2.301298598,1.483127932,2.27242368,1.466627979,2.230697614,1.442784513,2.176094345,1.411582645
Mexico,Built-up Area,231,0.609836,0.967252,1.15975,1.24243,1.24243,14.53932294,14.92299077,14.98883498,15.33981542,15.40101077,15.7107235,15.76541211,16.62199533,16.00994557,19.62832427,16.24431806,19.92985238,16.44290199,20.09116238,16.59057511,20.12909235,16.7017614
Mexico,Built-up Area,131,0.891847,1.37888,1.91778,2.07806,2.07806,1.627167254,1.757400411,1.76591332,1.867334552,1.874228483,1.933069434,1.937984301,3.032518602,1.949994766,3.012257418,1.94132266,2.974461938,1.919725243,2.9198451,1.888515621,2.848372801,1.847674308
Mexico,Built-up Area,132,1.51312,2.15156,2.74584,2.93805,2.93805,2.39583935,2.587594514,2.600128911,2.749461426,2.759612042,2.846249397,2.853486042,4.465077193,2.871170238,4.435244648,2.858401439,4.379594623,2.826601424,4.299176848,2.78064841,4.19394111,2.720513703
Mexico,Built-up Area,136,0.266771,0.391921,0.519621,0.558091,0.558091,0.447416898,0.483226687,0.485567453,0.513454921,0.515350522,0.531529828,0.532881253,0.833841796,0.536183731,0.828270645,0.53379919,0.817878144,0.527860619,0.802860329,0.51927901,0.783207823,0.508049007
Mexico,Built-up Area,221,0.0270251,0.0415301,0.0704202,0.0827602,0.0827602,0.847839682,0.870212719,0.874052329,0.894519248,0.898087767,0.916148218,0.919337306,0.969287723,0.933596922,1.144597466,0.947264017,1.162180644,0.958844153,1.171587205,0.967455498,1.173799036,0.973939167
Mexico,Built-up Area,111,0.111105,0.19868,0.297751,0.323571,0.323571,0.244656946,0.264238489,0.26551847,0.280767922,0.281804477,0.29065166,0.291390648,0.455962187,0.293196512,0.452915764,0.291892595,0.447232927,0.28864526,0.439020871,0.283952656,0.428274468,0.277811855
Middle East,Forest,75,0.0268087,0.0114159,0.0001026,0,0,0.302342592,0.305938046,0.311567185,0.319775496,0.326685649,0.334214909,0.3415811,0.260404435,0.349084008,0.262324914,0.35663877,0.267364853,0.366504407,0.274979211,0.376995521,0.283018667,0.386573475
Middle East,Other Arable Land,94,2.74312,11.0721,13.8273,10.8169,10.5294,-3.483942304,-4.20293258,-4.996229768,-5.135330298,-5.141932165,-5.141932165,-5.141932165,,-5.141932165,,-5.141932165,,-5.146250733,,-5.217498683,,-5.518363907
Middle East,Other Arable Land,104,1.46286,1.45105,0.42491,0.452618,0.444778,0.491521087,0.40370863,0.355549597,0.296224222,0.263428327,0.240198348,0.231266117,0.238338384,0.242935673,0.244112324,0.254085798,0.272641071,0.298227992,0.304730225,0.317353983,0.33104789,0.356180001
Middle East,Other Arable Land,99,5.8649,3.99119,3.56462,3.5469,3.43315,-1.450842678,-1.750256872,-2.080615218,-2.138541833,-2.141291095,-2.141291095,-2.141291095,,-2.141291095,,-2.141291095,,-2.143089507,,-2.172759793,,-2.298051222
Middle East,Other Arable Land,102,0.694941,0.876051,0.932661,0.996158,0.986925,0.520588506,0.427583023,0.376575977,0.313742236,0.279006868,0.254403122,0.244942659,0.252433164,0.257302326,0.258548562,0.269111844,0.288764432,0.315864504,0.322751264,0.336121563,0.350625295,0.377243661
Middle East,Other Arable Land,75,4.75065,4.76405,4.82366,4.79963,4.54465,4.479743615,4.596675857,4.415104734,4.120780888,4.26823562,4.643982905,4.902487392,13.1518287,4.750469545,12.61585323,4.52830478,11.98552019,4.371592848,11.88517814,4.366584662,11.89843807,4.400959016
Middle East,Other Arable Land,93,5.89946,5.44668,4.35136,4.27086,4.12682,-1.713579076,-2.067214867,-2.457398557,-2.525815235,-2.529062367,-2.529062367,-2.529062367,,-2.529062367,,-2.529062367,,-2.531186457,,-2.566229803,,-2.714210541
Middle East,Pasture,94,13.6016,25.7935,34.2589,35.2658,39.6441,349.9423298,349.9423298,349.9423298,349.9423298,349.9423298,349.9423298,349.9423298,,349.9423298,,349.9423298,,349.9423298,,349.9423298,,349.9423298
Middle East,Pasture,104,0.163101,0.230565,0.192998,0.198372,0.227127,1.097864261,1.114361003,1.104579418,1.094228981,1.088538265,1.089642006,1.089498546,1.088308056,1.088314029,1.088369518,1.086091028,1.081651021,1.07483661,1.075566933,1.074832792,1.0731638,1.068435358
Middle East,Pasture,99,1.5089,2.5336,3.35339,3.45528,3.86036,34.65301519,34.65301519,34.65301519,34.65301519,34.65301519,34.65301519,34.65301519,,34.65301519,,34.65301519,,34.65301519,,34.65301519,,34.65301519
Middle East,Pasture,102,0.0605704,0.0852487,0.0716676,0.0736629,0.0850049,0.408004029,0.414134784,0.410499612,0.406653034,0.404538169,0.404948357,0.404895043,0.404452616,0.404454835,0.404475457,0.403628692,0.401978633,0.399446164,0.399717577,0.399444745,0.39882449,0.397067239
Middle East,Pasture,75,0.122683,0.185051,0.328228,0.340334,0.37208,0.652437974,0.621059394,0.587700097,0.563132277,0.542308092,0.5199943,0.495644509,0.454631549,0.494810756,0.452568342,0.496320713,0.446826669,0.495565527,0.435691942,0.490581567,0.425091097,0.48243891
Middle East,Pasture,93,6.84526,11.4905,15.1774,15.6032,17.3409,156.5401043,156.5401043,156.5401043,156.5401043,156.5401043,156.5401043,156.5401043,,156.5401043,,156.5401043,,156.5401043,,156.5401043,,156.5401043
Middle East,Other Land,94,1242.32,1106.26,1098.53,1099.12,1099.12,763.2820676,762.1339065,762.4621106,763.1661718,763.8080067,764.7870805,764.9773788,,765.0083076,,764.3094774,,763.1690537,,762.2050379,,762.1339065
Middle East,Other Land,104,62.7457,62.5622,66.1419,66.1105,66.1105,9.444958428,9.444958428,9.444958428,9.444958428,9.444958428,9.444958428,9.444958428,9.444958428,9.444958428,9.444958428,9.444958428,9.444958428,9.444958428,9.444958428,9.444958428,9.444958428,9.444958428
Middle East,Other Land,99,57.1107,47.0734,47.4493,47.384,47.384,33.31481131,33.26469777,33.27902282,33.30975283,33.33776687,33.3805003,33.3888062,,33.39015615,,33.35965445,,33.30987862,,33.26780243,,33.26469777
Middle East,Other Land,102,31.2141,30.9805,31.679,31.6142,31.6142,4.584355027,4.584355027,4.584355027,4.584355027,4.584355027,4.584355027,4.584355027,4.584355027,4.584355027,4.584355027,4.584355027,4.584355027,4.584355027,4.584355027,4.584355027,4.584355027,4.584355027
Middle East,Other Land,75,0.203045,0.23378,0.43525,0.43319,0.43319,0.028190242,0.027275642,0.027811389,0.027837441,0.02748766,0.027334882,0.027218298,0,0.026285279,0,0.025725245,0,0.024837857,0,0.02408548,0,0.023632645
Middle East,Other Land,93,159.006,100.867,103.886,103.746,103.746,77.23624654,77.12006452,77.15327538,77.22451908,77.28946614,77.38853827,77.40779449,,77.41092416,,77.34020978,,77.2248107,,77.12726228,,77.12006452
Middle East,Built-up Area,94,0.889081,2.42897,3.97185,4.60136,4.60136,1.155232521,1.250368338,1.338165462,1.421121916,1.499528267,1.572756668,1.638380918,,1.753710737,,1.835538133,,1.90415912,,1.956584101,,1.985223677
Middle East,Built-up Area,104,0.00025,0.00427,0.0129,0.01516,0.01516,0.003968057,0.003968057,0.003968057,0.003968057,0.003968057,0.003968057,0.003968057,0.003968057,0.003968057,0.003968057,0.003968057,0.003968057,0.003968057,0.003968057,0.003968057,0.003968057,0.003968057
Middle East,Built-up Area,99,0.1832,0.36181,0.55552,0.64395,0.64395,0.167298576,0.181075964,0.193790577,0.205804173,0.217158831,0.227763629,0.237267208,,0.253969053,,0.265819141,,0.275756702,,0.283348788,,0.287496317
Middle East,Built-up Area,102,0.00162,0.00877999,0.02036,0.0232,0.0232,0.00641339,0.00641339,0.00641339,0.00641339,0.00641339,0.00641339,0.00641339,0.00641339,0.00641339,0.00641339,0.00641339,0.00641339,0.00641339,0.00641339,0.00641339,0.00641339,0.00641339
Middle East,Built-up Area,75,0.809106,1.09618,1.62072,1.79155,1.79155,0.348825125,0.414581583,0.416550511,0.465053347,0.466517993,0.49786863,0.498847839,1.224263839,0.501768927,1.199984328,0.493236006,1.150322632,0.474939591,1.078973004,0.448652886,0.994321942,0.417465653
Middle East,Built-up Area,93,0.484946,1.18735,2.19166,2.62702,2.62702,0.638673835,0.691269963,0.739808872,0.785671601,0.829018792,0.869503338,0.905783905,,0.969544349,,1.014782875,,1.052720198,,1.081703509,,1.097536986
Pakistan,Forest,89,4.29699,3.93461,3.0372,3.2579,3.31068,2.889436667,3.947474444,4.520653333,4.773136667,4.982114444,5.471791111,5.886297778,5.947295556,5.928294444,5.893181111,5.866085556,5.843737778,5.826221111,5.729442222,5.629463333,5.521307778,5.416622222
Pakistan,Other Arable Land,104,0.999685,1.04093,1.23749,0.98105,0.838326,2.204392092,1.810567508,1.594582085,1.328517429,1.18143318,1.077250504,1.0371909,1.068908868,1.089526962,1.09480405,1.139533457,1.222750835,1.337504011,1.366665469,1.423280971,1.484695913,1.597409344
Pakistan,Other Arable Land,102,0.60778,0.918303,1.74881,1.64301,1.39394,2.729539706,2.241895134,1.974455965,1.645007295,1.462883481,1.333881589,1.284278671,1.323552743,1.349082641,1.355616878,1.411002076,1.514044152,1.656134732,1.692243261,1.762346154,1.838391846,1.977956757
Pakistan,Other Arable Land,89,36.3272,20.5698,21.6207,20.9755,18.8483,51.17646671,42.03356024,37.01931126,30.8424387,27.4277775,25.00910558,24.07909454,24.81544882,25.29411193,25.41662312,26.45504683,28.38699504,31.05106835,31.72807148,33.04243901,34.46822879,37.08494802
Pakistan,Other Arable Land,107,8.13447,6.54634,4.27134,3.98932,3.60246,60.33209338,57.32889146,53.16169443,49.38746049,48.61611144,49.2839095,49.56233784,71.91451019,49.2144123,69.31359879,49.10466912,68.93920509,49.27659784,69.9137088,49.65381172,71.0485397,50.41379436
Pakistan,Other Arable Land,85,0,1.70E-05,0.000759901,0.000712501,0.000708098,0.00846561,0.008699831,0.008621345,0.008141416,0.007969139,0.008055148,0.00819198,0.009884026,0.008189098,0.012691173,0.008187626,0.012845441,0.008336438,0.013192569,0.008542481,0.013472499,0.008720739
Pakistan,Pasture,104,6.11246,6.16037,5.21316,5.214,5.94002,38.91833692,39.5031321,39.15638338,38.78946936,38.58773841,38.62686507,38.62177957,38.57957773,38.57978945,38.58175647,38.50098598,38.34359157,38.10202664,38.12791595,38.10189129,38.04272694,37.8751078
Pakistan,Pasture,102,4.05393,4.08028,3.43634,3.4369,3.95013,25.7610764,26.14816779,25.91864565,25.67577555,25.5422445,25.56814347,25.56477724,25.53684273,25.53698287,25.5382849,25.48482077,25.38063725,25.22073903,25.23787586,25.22064944,25.181487,25.07053545
Pakistan,Pasture,89,30.7414,30.7597,32.3538,32.3486,39.3965,225.0305287,228.4118852,226.4069422,224.2854009,223.1189682,223.3452033,223.3157983,223.0717822,223.0730064,223.0843799,222.6173552,221.7072817,220.310524,220.4602192,220.3097414,219.967646,218.9984519
Pakistan,Pasture,107,6.17208,6.05588,6.06337,6.06411,7.43167,51.55510946,45.6967921,44.24170871,43.33114272,42.43231023,41.8358085,40.7985444,41.40431089,41.9545228,35.92729625,44.8365268,36.08614673,48.55926044,36.07874241,51.04761757,35.91417668,48.7482291
Pakistan,Pasture,85,0,0,0,0,0,0,0,0,0,0,0,0,0,0,0,0,0,0,0,0,0,0
Pakistan,Other Land,104,73.7668,73.5749,74.601,74.6084,74.6084,79.43451323,79.43451323,79.43451323,79.43451323,79.43451323,79.43451323,79.43451323,79.43451323,79.43451323,79.43451323,79.43451323,79.43451323,79.43451323,79.43451323,79.43451323,79.43451323,79.43451323
Pakistan,Other Land,102,95.8696,95.7059,96.4517,96.4617,96.4617,102.9316959,102.9316959,102.9316959,102.9316959,102.9316959,102.9316959,102.9316959,102.9316959,102.9316959,102.9316959,102.9316959,102.9316959,102.9316959,102.9316959,102.9316959,102.9316959,102.9316959
Pakistan,Other Land,89,67.4662,65.7686,66.2823,66.9373,66.9373,71.3515548,71.3515548,71.3515548,71.3515548,71.3515548,71.3515548,71.3515548,71.3515548,71.3515548,71.3515548,71.3515548,71.3515548,71.3515548,71.3515548,71.3515548,71.3515548,71.3515548
Pakistan,Other Land,107,39.5424,38.9696,39.3702,39.5792,39.5792,64.67947219,66.00122974,66.75553213,66.85422995,67.58482239,67.2219245,67.04280704,66.90166991,64.51930605,13.00508999,62.65713969,10.91950068,61.66938109,9.614710773,61.06492051,9.676781389,63.5687906
Pakistan,Other Land,85,1.77706,1.77596,1.78369,1.7837,1.7837,9.044972076,8.909801928,8.907852934,8.871534772,8.870203425,8.838286852,8.820775708,6.972997432,8.785198491,4.813055049,8.835861248,4.687106958,8.908438505,4.533565591,9.107724882,4.407883556,9.183049104
Pakistan,Built-up Area,104,0.241885,0.381071,0.499601,0.537001,0.537001,0.711408767,0.711408767,0.711408767,0.711408767,0.711408767,0.711408767,0.711408767,0.711408767,0.711408767,0.711408767,0.711408767,0.711408767,0.711408767,0.711408767,0.711408767,0.711408767,0.711408767
Pakistan,Built-up Area,102,0.032995,0.0653401,0.10112,0.11729,0.11729,0.140572766,0.140572766,0.140572766,0.140572766,0.140572766,0.140572766,0.140572766,0.140572766,0.140572766,0.140572766,0.140572766,0.140572766,0.140572766,0.140572766,0.140572766,0.140572766,0.140572766
Pakistan,Built-up Area,89,1.13632,2.072,3.34967,3.90181,3.90181,4.651354806,4.651354806,4.651354806,4.651354806,4.651354806,4.651354806,4.651354806,4.651354806,4.651354806,4.651354806,4.651354806,4.651354806,4.651354806,4.651354806,4.651354806,4.651354806,4.651354806
Pakistan,Built-up Area,107,0.02433,0.0649101,0.20268,0.26285,0.26285,1.444652943,1.491605063,1.501481745,1.549359197,1.560054879,1.605273916,1.615477453,1.612309485,1.636689178,1.66374819,1.650007597,1.654162581,1.655549002,1.632455098,1.654343447,1.602820596,1.647937454
Pakistan,Built-up Area,85,0,0,7.00E-05,8.00E-05,8.00E-05,0.000635125,0.000648606,0.000649115,0.000657882,0.000658019,0.00066217,0.00066217,0.000763313,0.000657142,0.000937838,0.000650953,0.000914706,0.000643763,0.000889521,0.000635935,0.000864776,0.000628244
Russia,Forest,70,0.0022921,0.0020678,0.0011541,0.0010873,0.00121118,0.000515073,0.000521198,0.000530788,0.000544772,0.000556544,0.000569371,0.00058192,0.000443627,0.000594702,0.000446899,0.000607572,0.000455485,0.00062438,0.000468457,0.000642252,0.000482153,0.000658569
Russia,Forest,42,0.221338,0.198559,0.110107,0.103779,0.115749,1.069383264,1.166723702,1.216816937,1.236742789,1.255189005,1.27094537,1.282266928,1.392849798,1.30166045,1.24289233,1.324954399,1.283529605,1.343361884,1.317835762,1.362619219,1.348964765,1.385614306
Russia,Other Arable Land,70,0.0021893,0.0035499,0.0055273,0.0053766,0.00533608,0.000514048,0.000527466,0.000506631,0.000472857,0.000489777,0.000532894,0.000562557,0.001509164,0.000545113,0.001447661,0.00051962,0.001375331,0.000501638,0.001363817,0.000501063,0.001365338,0.000505007
Russia,Other Arable Land,42,0.235656,0.390054,0.630234,0.61542,0.612234,0.317402637,0.326184323,0.323241633,0.305247577,0.298788357,0.302013104,0.307143361,0.370583558,0.307035326,0.475832407,0.306980136,0.481616425,0.31255956,0.494631351,0.320284769,0.505126812,0.326968224
Russia,Pasture,70,0.0084368,0.0068609,0.0030443,0.0034492,0.00347616,0.014576107,0.013875078,0.013129799,0.01258093,0.012115697,0.011617185,0.011073186,0.010156917,0.01105456,0.010110822,0.011088293,0.009982548,0.011071422,0.009733787,0.010960075,0.009496954,0.01077816
Russia,Pasture,42,0.494346,0.392094,0.168882,0.191373,0.19299,22.39607514,21.64953906,21.18196444,20.98561439,20.80829635,20.58398355,20.42420017,20.89393789,20.29139912,22.13041256,20.09036598,21.88576439,19.85305494,21.67487689,19.66488843,21.51620755,19.51197109
Russia,Other Land,70,0.06267,0.06267,0.06267,0.06267,0.06267,0.105008852,0.101601962,0.103597623,0.103694667,0.102391729,0.101822631,0.101388354,0,0.09791285,0,0.095826722,0,0.092521195,0,0.089718584,0,0.088031771
Russia,Other Land,42,0.05486,0.05486,0.05486,0.05486,0.05486,0.785147503,0.773414078,0.773244896,0.770092303,0.769976736,0.767206222,0.76568617,0.605290041,0.762597894,0.417796553,0.766995668,0.406863647,0.773295726,0.393535511,0.790594751,0.3826257,0.79713326
Russia,Built-up Area,42,0.001355,0.00212,0.00202,0.00197,0.00197,0.005248652,0.005360066,0.005364271,0.005436718,0.005437855,0.005472158,0.005472158,0.006307996,0.005430601,0.007750272,0.005379458,0.007559105,0.005320041,0.007350979,0.005255353,0.007146484,0.005191794
South Africa,Forest,198,7.76335,13.0028,15.3687,14.002,15.1683,105.6887925,109.6881728,112.8140296,116.3007383,119.7271348,122.5062053,125.2219973,89.85429583,128.5495819,93.94394884,131.786649,97.98072845,135.1332517,101.7315796,137.2458565,105.0927267,139.2576143
South Africa,Forest,204,0.0575361,0.100939,0.129947,0.111583,0.11914,0.840175985,0.87196917,0.896818255,0.924535943,0.951774177,0.973866474,0.995455739,0.714299215,1.021908465,0.746810025,1.047641619,0.778900517,1.07424553,0.808718012,1.09103974,0.835437544,1.107032265
South Africa,Forest,199,0.696154,1.20461,1.54442,1.33017,1.46405,10.09774994,10.47985992,10.77851145,11.11163961,11.4390054,11.70452418,11.96399719,8.584885768,12.28192226,8.975620608,12.59119909,9.361303802,12.91094119,9.719668734,13.1127843,10.04080045,13.30499227
South Africa,Forest,194,0.0989021,0.160158,0.171752,0.163741,0.170811,1.23865281,1.285524796,1.322159251,1.363022823,1.403179547,1.435749731,1.467578304,1.053075481,1.506576971,1.101005447,1.54451479,1.148315746,1.583736344,1.192275017,1.608495676,1.231667031,1.632073101
South Africa,Other Arable Land,198,34.2693,36.4627,34.522,27.0539,25.688,21.61119321,21.45734603,21.60418147,19.70490414,20.00290664,22.33176631,24.6621586,51.21178957,25.05712136,51.9288396,24.1226308,50.54984576,24.23459059,50.15941105,23.75423327,47.99176073,23.78163252
South Africa,Other Arable Land,204,0.0129897,0.0151999,3.01973,2.07944,1.98753,0.973197746,0.966269683,0.972881993,0.887353517,0.9007732,1.005646677,1.110589172,2.306175217,1.128375181,2.338465497,1.086293094,2.276366487,1.09133488,2.258784386,1.069703373,2.161170507,1.07093722
South Africa,Other Arable Land,199,28.2589,31.2292,37.9028,30.2919,29.1427,21.45110209,21.29839458,21.44414229,19.55893441,19.85472937,22.16633734,24.47946658,50.83242353,24.87150354,51.54416181,23.94393549,50.17538326,24.0550659,49.78784081,23.57826696,47.63624798,23.60546325
South Africa,Other Arable Land,194,0.146321,0.160446,22.0631,14.7971,13.973,6.99509106,6.945293948,6.992821505,6.378065176,6.47452235,7.228325495,7.98262472,16.57618475,8.110465902,16.80827884,7.807990861,16.36192739,7.844229901,16.23555184,7.688748286,15.53392879,7.697616851
South Africa,Pasture,198,12.5958,12.8014,15.2603,16.1368,17.186,210.9236399,202.4558071,197.5882047,194.5101976,191.5860315,189.2249748,186.7750323,206.3981214,185.5573114,205.662234,184.2475957,205.0758665,183.0706673,204.702659,182.1050427,204.2438042,181.1395887
South Africa,Pasture,204,5.5231,5.61023,6.51082,6.88431,7.28558,90.70432421,87.06286869,84.96963445,83.64598695,82.38849627,81.37316175,80.31960332,88.75819767,79.79594198,88.44174108,79.23271977,88.18958316,78.72660061,88.02909126,78.31134926,87.83176816,77.89617131
South Africa,Pasture,199,6.16037,6.29162,7.91428,8.36964,9.01734,107.6374779,103.3162166,100.8322065,99.26145364,97.76920808,96.56432565,95.31408347,105.3280384,94.69266231,104.952504,94.02429486,104.653272,93.42369075,104.4628186,92.93091813,104.2286582,92.4382326
South Africa,Pasture,194,30.8929,31.386,36.6721,38.7777,40.394,507.8417934,487.4537544,475.7340063,468.3230749,461.2825471,455.5978203,449.6990827,496.9456824,446.7671705,495.1738828,443.6137621,493.7620832,440.7800663,492.8635098,438.4551277,491.7587232,436.1306
South Africa,Other Land,198,0.459264,0.45376,0.47767,0.484469,0.484469,3.103245922,6.275668698,7.902230587,8.701722002,9.436922972,9.861059553,10.25406316,6.028936956,10.157912,5.714535807,9.961053913,5.042681708,9.611924311,4.527031496,9.711999791,4.28483787,9.875401256
South Africa,Other Land,204,0.473364,0.45623,0.51231,0.513289,0.513289,3.246398888,6.565165763,8.266761073,9.103133087,9.872248932,10.31595097,10.72708385,6.307052267,10.62649724,5.97814777,10.42055807,5.275300991,10.0553231,4.735863796,10.16001507,4.48249776,10.33095425
South Africa,Other Land,194,1.9283,1.87055,2.05029,2.06076,2.06076,13.11281165,26.51793113,33.3909925,36.76925533,39.87585793,41.66805334,43.32869589,25.47536249,42.92240775,24.14685578,42.09058099,21.30792632,40.61532868,19.1290387,41.03819911,18.10564595,41.72865442
South Africa,Built-up Area,198,0.631214,1.02344,2.05372,2.30383,2.30383,3.259116453,3.467361016,3.557605746,3.732191051,3.809634105,3.949590689,4.011522774,3.472837334,4.27119634,3.676780859,4.46943367,3.830223996,4.601973977,3.91953945,4.665617099,3.946077131,4.680781489
South Africa,Built-up Area,204,0.18966,0.30549,0.43297,0.485889,0.485889,0.744584357,0.792160333,0.812777827,0.85266394,0.870356737,0.902331502,0.916480632,0.793411463,0.975806182,0.840004815,1.021095884,0.875060745,1.051376312,0.895465935,1.065916349,0.901528788,1.069380836
South Africa,Built-up Area,199,0.379765,0.63428,1.21583,1.39423,1.39423,1.96672334,2.09238913,2.146847576,2.252201588,2.298934825,2.383392034,2.420765132,2.09569383,2.577465903,2.218764145,2.697092799,2.311359854,2.777074634,2.365257526,2.815480262,2.381271767,2.824631257
South Africa,Built-up Area,194,0.568694,0.868129,1.33993,1.48326,1.48326,2.250832011,2.394651213,2.45697661,2.577549839,2.631034059,2.727691778,2.770463713,2.398433303,2.949801145,2.539282095,3.086709088,2.645253983,3.178244929,2.706937598,3.222198552,2.725265222,3.23267148
South America_Northern,Forest,168,0.139631,0.18441,0.242958,0.26163,0.287804,301.3522555,310.8839526,318.7266313,326.9438518,332.4940675,336.089441,339.4715216,353.9303826,344.0412181,357.9320019,349.0801548,361.8358665,354.0265578,366.065388,358.6397324,370.2688976,362.6675131
South America_Northern,Forest,166,0.001004,0.0012997,0.0016824,0.00181341,0.00196054,0.280875222,0.28273674,0.282981357,0.283160281,0.283469077,0.284514458,0.286559101,0.287171022,0.287440226,0.287755223,0.288005535,0.288229088,0.288635876,0.288646622,0.288652123,0.288647984,0.288791204
South America_Northern,Forest,156,0.767959,1.00922,1.32653,1.42923,1.52595,1635.44061,1687.169191,1729.731458,1774.326366,1804.447421,1823.959536,1842.314109,1920.78244,1867.113882,1942.499254,1894.460223,1963.685552,1921.304384,1986.639191,1946.340112,2009.451665,1968.198903
South America_Northern,Other Arable Land,168,0.00403591,0.00656902,1.16858,1.13878,1.12861,38.17426493,37.19775477,33.44335254,28.62008716,26.70415006,26.81002688,26.99874488,38.07933753,25.02184913,35.68879768,24.01100604,34.70465514,23.77346664,34.88010588,24.04183103,35.36153444,24.54079289
South America_Northern,Other Arable Land,166,0.000235001,0.000376501,0.0199163,0.018961,0.0184775,0.001305179,0.001104164,0.001018698,0.000926857,0.000873459,0.000868656,0.000920846,0.000930312,0.000927268,0.000928653,0.000932586,0.000942796,0.000965734,0.000967509,0.000973812,0.000980738,0.00100003
South America_Northern,Other Arable Land,156,4.18588,2.00217,2.30896,1.43771,1.42556,125.8264646,122.6077825,110.2328708,94.33487167,88.01973787,88.36871919,88.99075392,125.5135737,82.47469386,117.6340984,79.14284681,114.3902592,78.3598915,114.9685636,79.24444927,116.5554037,80.889081
South America_Northern,Pasture,168,0.392887,0.487891,0.59523,0.631848,0.716245,70.11419002,64.84268374,62.14004877,60.2132705,58.49585316,57.33583388,56.12891354,58.91718337,55.4617296,58.6672603,54.64271852,58.30377483,53.91626341,57.89038043,53.20777293,57.45101938,52.50535367
South America_Northern,Pasture,166,0.0169553,0.0201003,0.0236569,0.0251753,0.0280655,0.577069079,0.571105874,0.563637308,0.557527289,0.55415631,0.550883407,0.54650617,0.545835856,0.545908632,0.545837999,0.545891805,0.546048948,0.545725479,0.54595244,0.546272949,0.546610976,0.54678075
South America_Northern,Pasture,156,9.2601,11.2596,13.5219,14.3547,15.8748,1595.663936,1475.694605,1414.187838,1370.338076,1331.252964,1304.85316,1277.385977,1340.841629,1262.202155,1335.153861,1243.56304,1326.881631,1227.030321,1317.473571,1210.906442,1307.47456,1194.920733
South America_Northern,Other Land,156,0.917778,0.912182,0.924593,0.924583,0.924583,99.99464099,132.0703597,147.637105,146.5789095,145.8225348,141.6654437,138.2454428,63.98055405,124.8937621,45.87846341,111.2604705,25.7851717,96.38274506,1.225967563,78.15373119,-24.68634024,63.01097874
South America_Northern,Built-up Area,168,0.00815502,0.00787002,0.00793002,0.00814002,0.00814002,0.069620209,0.072746239,0.072936676,0.074708011,0.074823287,0.075380951,0.075440227,0.103892029,0.075000308,0.102447949,0.074051341,0.10052225,0.072785882,0.098361547,0.071365991,0.096152614,0.069914407
South America_Northern,Built-up Area,156,0.336456,0.609402,0.937973,1.04403,1.04403,6.872702766,7.181295187,7.20009457,7.374955645,7.386335278,7.44138627,7.447237779,10.25591627,7.403810333,10.11336084,7.310131048,9.923261526,7.185208641,9.709963306,7.045041239,9.491903886,6.901745049
South America_Southern,Forest,168,12.2365,21.9643,33.4718,38.8328,41.9378,3448.211937,3557.278025,3647.017583,3741.042822,3804.550958,3845.690885,3884.390216,4049.835193,3936.678798,4095.623573,3994.336643,4140.293398,4050.935675,4188.689539,4103.721753,4236.788042,4149.809483
South America_Southern,Forest,215,0.00386361,0.00690781,0.0101875,0.0115392,0.012838,0.050792288,0.050818868,0.05185024,0.052296029,0.052637696,0.053050068,0.053534179,0.040487232,0.053704985,0.040991733,0.053887446,0.041383267,0.05411323,0.041632029,0.054127693,0.041702441,0.054294849
South America_Southern,Forest,213,0.00719991,0.0131113,0.0199384,0.0230896,0.0250212,0.098994519,0.099046323,0.101056476,0.101925321,0.102591231,0.103394947,0.104338483,0.078909893,0.104671385,0.079893169,0.105027002,0.080656273,0.105467059,0.081141112,0.105495247,0.081278345,0.105821034
South America_Southern,Forest,206,1.38661,2.22461,3.16116,3.56963,3.76022,327.5830609,337.9444318,346.469766,355.4022436,361.4355703,365.3438983,369.0203676,384.7377809,373.9878273,389.0877159,379.4653715,393.3313871,384.8423276,397.9290616,389.8570498,402.4984602,394.2354233
South America_Southern,Other Arable Land,168,6.77721,11.8526,29.1316,24.8914,24.3112,392.3116807,382.2762198,343.6927435,294.1247072,274.4348847,275.5229662,277.4623951,391.3361249,257.1461089,366.7688749,246.7578132,356.6549772,244.3166534,358.4580603,247.0745974,363.4056356,252.20236
South America_Southern,Other Arable Land,212,0,0,0,0,0,0,0,0,0,0,0,0,0,0,0,0,0,0,0,0,0,0
South America_Southern,Other Arable Land,215,0.0015064,0.0010716,0.000450101,0.000422901,0.00042693,0.002246797,0.002304044,0.002324831,0.002350221,0.002368628,0.002425516,0.002519076,0.002752459,0.002569108,0.002873403,0.002598433,0.003016272,0.002644725,0.003137378,0.00265197,0.00316671,0.002666104
South America_Southern,Other Arable Land,195,1.37934,0.953595,0.514917,0.909081,0.885337,18.78239922,18.30193932,16.45470843,14.08157835,13.13890414,13.19099736,13.28384989,18.7356933,12.31118295,17.55950631,11.81383065,17.07529114,11.69695715,17.16161594,11.82899708,17.39848713,12.07449496
South America_Southern,Other Arable Land,213,0.0023689,0.0015583,0.00407481,0.0034115,0.00334898,0.008553093,0.008771023,0.008850153,0.008946809,0.009016879,0.009233442,0.009589604,0.010478047,0.009780065,0.010938454,0.009891701,0.011482327,0.010067925,0.011943352,0.010095504,0.012055015,0.010149312
South America_Southern,Other Arable Land,206,2.2762,1.25598,1.93603,2.20094,2.12633,39.6320369,38.61823645,34.72046376,29.71301091,27.72390936,27.83382932,28.02975395,39.53348448,25.9773659,37.05165637,24.92792145,36.0299321,24.68131105,36.21208282,24.95992356,36.71189584,25.47793943
South America_Southern,Pasture,168,17.1499,10.8958,16.6163,17.4882,18.459,767.7797659,710.0545628,680.4595772,659.3605476,640.554108,627.8514107,614.6351272,645.1678504,607.3291834,642.431088,598.3606688,638.4507697,590.4056809,633.9239279,582.6474132,629.1127402,574.9556279
South America_Southern,Pasture,212,0.0027182,0.0015647,0.0025858,0.0027743,0.00285992,0.068119429,0.066030307,0.063812479,0.062019081,0.060388807,0.059207499,0.058159754,0.09559276,0.056776966,0.09609715,0.055862096,0.096542932,0.055052114,0.096909449,0.054202455,0.097181015,0.053609931
South America_Southern,Pasture,215,0.449396,0.262713,0.438186,0.463156,0.49923,11.51048095,11.15747161,10.78271409,10.47967474,10.20419916,10.00458761,9.827544879,16.15278728,9.593888311,16.23801659,9.439298154,16.31334272,9.302431301,16.37527486,9.158860321,16.42116271,9.058738513
South America_Southern,Pasture,195,1.84911,1.00972,1.56034,1.54784,1.62867,72.34669755,66.90734112,64.11865149,62.13052263,60.35842096,59.16146548,57.91611557,60.79316676,57.2276878,60.53528588,56.38259857,60.16022666,55.63301239,59.73366936,54.90196285,59.2803186,54.17717784
South America_Southern,Pasture,213,0.00988001,0.00572251,0.00949332,0.0101132,0.0107038,0.25014608,0.242474471,0.234330231,0.227744572,0.221757929,0.217419966,0.213572468,0.351032805,0.208494637,0.352885011,0.20513508,0.354522,0.202160686,0.355867911,0.199040597,0.356865147,0.196864748
South America_Southern,Pasture,206,19.5275,12.5146,20.2078,21.2875,22.0838,910.7648078,842.2893337,807.1828194,782.1544786,759.845681,744.777337,729.0997606,765.3186492,720.4332174,762.0722145,709.7944798,757.3506342,700.3580199,751.9807503,691.1549157,746.2735662,682.030675
South America_Southern,Other Land,168,0.594196,0.573871,0.578091,0.577911,0.577911,0.559371522,0.738803574,0.82588418,0.819964619,0.815733448,0.792478618,0.773347081,0.357908179,0.698657579,0.256644813,0.622392741,0.144242637,0.539166522,0.006858081,0.437193145,-0.138095758,0.35248436
South America_Southern,Other Land,212,1.408,1.40618,1.40357,1.40266,1.40266,2.797807911,2.956549936,3.103340077,3.208134703,3.308322076,3.39118498,3.491353239,0.700853138,3.599621816,0.700853138,3.732772738,0.700853138,3.847825394,0.700853138,3.94942557,0.700853138,4.0224509
South America_Southern,Other Land,215,1.1968,1.19667,1.19615,1.19561,1.19561,2.382610663,2.517795226,2.642801576,2.732044584,2.81736406,2.887930033,2.973233231,0.596845892,3.065434652,0.596845892,3.178825856,0.596845892,3.276804593,0.596845892,3.363327209,0.596845892,3.425515514
South America_Southern,Other Land,206,0.361301,0.34865,0.350951,0.35073,0.35073,0.33970431,0.448672749,0.501556488,0.497961559,0.495391984,0.48126941,0.469650897,0.217356348,0.424292231,0.15585947,0.37797687,0.087598034,0.327433887,0.004164888,0.265505822,-0.083865056,0.214062482
South America_Southern,Other Land,205,0.22937,0.22937,0.22937,0.22937,0.22937,0.456875128,0.482797309,0.506767776,0.52388048,0.540240831,0.553772139,0.570129368,0.114447588,0.58780936,0.114447588,0.609552577,0.114447588,0.628340392,0.114447588,0.644931449,0.114447588,0.656856306
South America_Southern,Built-up Area,168,0.609946,1.03953,1.54022,1.71561,1.71561,6.033033374,6.303923654,6.320426231,6.473923732,6.483913063,6.532238225,6.537374828,9.002904283,6.499253112,8.877765495,6.417019051,8.71089148,6.307358984,8.523652874,6.184316471,8.332234766,6.058527429
South America_Southern,Built-up Area,215,0,0.00023,0.000820001,0.000890001,0.000890001,0.000361183,0.00036625,0.000371071,0.000375628,0.000379878,0.000383753,0.000387058,0.000574835,0.000392891,0.000574835,0.000396561,0.000574835,0.000398004,0.000574835,0.000398031,0.000574835,0.000398031
South America_Southern,Built-up Area,195,0.0389201,0.0449001,0.0511201,0.0519301,0.0519301,0.217596989,0.227367349,0.227962557,0.233498843,0.233859134,0.235602106,0.235787371,0.324713083,0.234412413,0.320199628,0.231446428,0.314180884,0.227491253,0.307427638,0.223053406,0.300523648,0.218516498
South America_Southern,Built-up Area,206,0.588331,0.771281,1.00503,1.09153,1.09153,4.143903644,4.329969782,4.34130489,4.446737567,4.453598929,4.486791985,4.490320158,6.183815927,4.464135533,6.097861972,4.407651505,5.983241383,4.332329404,5.854632988,4.247815315,5.723153822,4.161414721
South Asia,Forest,110,22.4517,25.317,25.879,25.9168,26.6463,477.4079876,521.9049336,538.7529745,545.804011,551.5903382,556.5643763,561.0658763,620.6217686,564.7231615,522.8842481,567.8715258,530.8248549,573.8472282,537.4836522,583.2807545,545.6010433,595.2523831
South Asia,Other Arable Land,110,29.5307,31.2092,29.7247,29.4247,27.0959,118.0082258,112.13403,103.9830857,96.60076854,95.09202704,96.39822513,96.94282473,140.6631741,96.26229015,135.5758496,96.04763495,134.8435439,96.38392369,136.7496513,97.1217456,138.9693552,98.60825465
South Asia,Other Arable Land,102,0.129895,0.0980052,0.093824,0.0937433,0.0846061,0.076387564,0.062740581,0.055256159,0.04603637,0.040939542,0.037329358,0.035941195,0.0370403,0.037754767,0.037937631,0.039487614,0.042371299,0.046347777,0.047358292,0.049320158,0.051448335,0.055354131
South Asia,Other Arable Land,89,8.0298,8.66174,9.58222,9.57222,9.06077,6.859624709,5.634121833,4.962018649,4.134078967,3.676382375,3.352186848,3.227529419,3.326229355,3.390388715,3.40680995,3.545998866,3.804954604,4.162043404,4.252787992,4.428964046,4.620074989,4.970816512
South Asia,Pasture,110,1.79782,1.72725,2.10568,2.08656,2.88012,31.93791201,28.30873876,27.40732809,26.84324091,26.28642252,25.91689524,25.27431975,25.64958647,25.99043764,22.25662671,27.77581238,22.35503311,30.08201134,22.35044621,31.62352549,22.24849926,30.19907567
South Asia,Pasture,102,0.693849,0.648235,0.733015,0.72646,0.994542,9.585265837,9.729296073,9.64389472,9.553526818,9.503842148,9.513478722,9.512226204,9.501832238,9.501884384,9.502368845,9.482475738,9.443710792,9.384215338,9.390591663,9.384182002,9.369610311,9.328327097
South Asia,Pasture,89,2.41014,2.29954,2.65941,2.63468,3.77765,34.79848779,35.32137725,35.01133494,34.683262,34.50288605,34.53787081,34.53332365,34.49558925,34.49577856,34.49753735,34.42531713,34.28458431,34.06859115,34.09173986,34.06847013,34.01556885,33.86569367
South Asia,Other Land,110,6.39872,6.28148,6.39232,6.39259,6.39259,32.76976752,33.4394342,33.8216005,33.87160561,34.24175929,34.05789756,33.96714794,33.895641,32.68861956,6.589011336,31.74515548,5.532350321,31.24470892,4.871280271,30.93845978,4.902728265,32.20704219
South Asia,Other Land,102,5.55744,5.58084,5.60994,5.60988,5.60988,18.75676573,18.75676573,18.75676573,18.75676573,18.75676573,18.75676573,18.75676573,18.75676573,18.75676573,18.75676573,18.75676573,18.75676573,18.75676573,18.75676573,18.75676573,18.75676573,18.75676573
South Asia,Other Land,89,1.93637,1.94204,1.94922,1.94919,1.94919,6.522762496,6.522762496,6.522762496,6.522762496,6.522762496,6.522762496,6.522762496,6.522762496,6.522762496,6.522762496,6.522762496,6.522762496,6.522762496,6.522762496,6.522762496,6.522762496,6.522762496
South Asia,Built-up Area,110,0.334611,0.807072,1.4721,1.76823,1.76823,20.37351576,21.0356677,21.17495564,21.85015728,22.00099534,22.63870612,22.7826036,22.73792669,23.08174632,23.46335162,23.26957208,23.3281686,23.34772089,23.02203435,23.33071929,22.60410768,23.24037746
South Asia,Built-up Area,89,0.0445501,0.0557202,0.13086,0.16587,0.16587,0.341779815,0.341779815,0.341779815,0.341779815,0.341779815,0.341779815,0.341779815,0.341779815,0.341779815,0.341779815,0.341779815,0.341779815,0.341779815,0.341779815,0.341779815,0.341779815,0.341779815
Southeast Asia,Forest,66,1.24589,1.51418,1.39083,1.42325,1.49372,30.72897726,33.52607743,34.96551821,35.53809219,36.06814853,36.52091134,36.84623895,40.02386347,37.40351632,35.7148007,38.07287337,36.88252227,38.60181674,37.86831769,39.15518075,38.76281683,39.81594994
Southeast Asia,Forest,110,0.0695637,0.0851019,0.0803667,0.0803956,0.0850981,0.539011395,0.589250104,0.60827217,0.616233052,0.622766031,0.628381906,0.633464267,0.700705087,0.637593478,0.590355787,0.641148098,0.599321027,0.647894889,0.606839057,0.658545691,0.616003894,0.672062106
Southeast Asia,Forest,158,0.0016217,0.0018305,0.001191,0.0010676,0.00114691,0.014727423,0.015069477,0.01525076,0.015443557,0.01565627,0.015938372,0.016259466,0.017391967,0.016689754,0.017687728,0.017025125,0.017940473,0.017330441,0.018172604,0.017625667,0.018453555,0.017938584
Southeast Asia,Forest,167,0.514265,0.628469,0.601072,0.601171,0.654334,6.441235065,6.590836886,6.670123545,6.754445868,6.847478648,6.970859828,7.111294378,7.606608849,7.299486811,7.735963945,7.446165754,7.846505158,7.579699827,7.948030781,7.708820758,8.070908446,7.845679168
Southeast Asia,Forest,175,0.452304,0.51691,0.448563,0.44591,0.455604,4.980843439,5.096526726,5.157837086,5.223041396,5.294981281,5.390388813,5.498983283,5.88199738,5.644507711,5.982024389,5.757930811,6.067503101,5.861189317,6.146010286,5.961035253,6.241028463,6.066864384
Southeast Asia,Forest,165,0.300862,0.358645,0.329926,0.330743,0.339128,3.563474114,3.646238089,3.69010172,3.736751223,3.788219598,3.85647757,3.93416995,4.208191978,4.038283347,4.279754889,4.119430303,4.340909427,4.193305143,4.397076284,4.264738508,4.465055697,4.340452466
Southeast Asia,Forest,127,4.73171,5.76978,5.42933,5.39901,5.68699,117.4610239,128.1528946,133.655134,135.8437888,137.8699207,139.6005993,140.8441589,152.9905778,142.9743427,136.5192543,145.5329493,140.9828513,147.5548269,144.7510385,149.670052,148.1702472,152.1958316
Southeast Asia,Forest,112,0.100795,0.12283,0.103895,0.102779,0.104461,2.324975966,2.536606526,2.645515625,2.688836973,2.728941408,2.763197759,2.787812275,3.028233574,2.829976271,2.702206863,2.880620295,2.790557496,2.920640521,2.865143468,2.96250843,2.9328219,3.01250269
Southeast Asia,Forest,108,0.330475,0.400607,0.326803,0.322847,0.332431,7.448318498,8.126300482,8.475202865,8.613987612,8.742466618,8.852210642,8.931065974,9.701282284,9.066143015,8.656819538,9.228386764,8.939860594,9.356596001,9.178805033,9.490724494,9.395620401,9.650886652
Southeast Asia,Other Arable Land,66,0.0149616,0.0169264,0.030282,0.0257195,0.0245489,0.230275739,0.236646855,0.234511933,0.221457238,0.216771071,0.219110626,0.22283263,0.268858518,0.22275425,0.345216599,0.22271421,0.349412907,0.226762084,0.358855241,0.232366727,0.366469701,0.237215576
Southeast Asia,Other Arable Land,110,3.32E-05,6.49E-05,0.0005151,0.0005746,0.000551222,0.002101321,0.001996722,0.001851581,0.001720128,0.001693262,0.001716521,0.001726219,0.002504728,0.001714101,0.00241414,0.001710278,0.0024011,0.001716266,0.002435041,0.001729404,0.002474567,0.001755874
Southeast Asia,Other Arable Land,158,1.69E-05,3.87E-05,0.01228,0.0141759,0.013547,0.012662919,0.011886504,0.011328054,0.010679571,0.010200258,0.009724094,0.009472332,0.016371481,0.008679958,0.014844393,0.008067303,0.013892672,0.007833169,0.013719391,0.007733218,0.013571829,0.007675004
Southeast Asia,Other Arable Land,167,0.00226,0.0030601,0.0080008,0.00952469,0.00934952,0.010177218,0.009553211,0.009104384,0.008583196,0.008197971,0.007815277,0.007612936,0.013157797,0.006976102,0.011930473,0.00648371,0.011165573,0.006295536,0.011026306,0.006215205,0.010907711,0.006168419
Southeast Asia,Other Arable Land,175,0.0077427,0.0117175,0.215034,0.0166545,0.0153932,0.084256738,0.079090616,0.075374792,0.071059904,0.06787064,0.064702338,0.063027159,0.108932827,0.057754846,0.098771861,0.053678351,0.092439289,0.052120468,0.091286306,0.051455409,0.090304458,0.051068067
Southeast Asia,Other Arable Land,165,0.0012153,0.0028561,0.0059651,0.0060429,0.00572411,0.006892322,0.006469726,0.006165766,0.005812802,0.005551916,0.005292744,0.005155712,0.008910862,0.004724429,0.00807968,0.004390966,0.007561667,0.004263529,0.007467351,0.004209126,0.007387034,0.004177441
Southeast Asia,Other Arable Land,127,0.0567879,0.0607395,0.0921616,0.102293,0.0978576,0.83935841,0.862581222,0.854799398,0.807214846,0.790133699,0.798661413,0.812228169,0.979993199,0.811942475,1.258319515,0.811796527,1.273615117,0.826551088,1.30803256,0.846980091,1.33578738,0.864654217
Southeast Asia,Other Arable Land,112,0.0023341,0.0023957,0.0046755,0.0050213,0.00468446,0.039139773,0.040222666,0.039859795,0.0376409,0.036844396,0.037242048,0.037874674,0.045697655,0.037861352,0.058676174,0.037854546,0.059389417,0.03854256,0.060994323,0.039495176,0.062288546,0.040319331
Southeast Asia,Other Arable Land,108,0.0023409,0.0029276,0.136837,0.093815,0.0881476,0.663696932,0.682059659,0.67590642,0.638280394,0.624774001,0.631517029,0.642244526,0.77489958,0.642018622,0.994977583,0.641903218,1.007072111,0.653569935,1.034286649,0.669723543,1.056232922,0.683698816
Southeast Asia,Pasture,66,0.166137,0.128316,0.0838036,0.101073,0.116616,13.25445394,12.81263867,12.53591848,12.41971451,12.31477408,12.18202119,12.08745813,12.36545849,12.00886376,13.09722941,11.88988824,12.95244163,11.74944273,12.82763411,11.63808196,12.73373036,11.54758235
Southeast Asia,Pasture,110,0.024141,0.0180047,0.010856,0.0131243,0.0152326,0.179533486,0.159132712,0.154065586,0.150894667,0.147764608,0.145687374,0.142075246,0.144184744,0.14610078,0.125111803,0.156136957,0.125664978,0.169100859,0.125639194,0.177766216,0.125066116,0.169758916
Southeast Asia,Pasture,158,0.0053431,0.004429,0.0024746,0.0030157,0.00353218,0.027931718,0.026994023,0.026453616,0.025979493,0.025614442,0.025283471,0.024953871,0.030997706,0.024714724,0.030691856,0.024616288,0.03046286,0.024497356,0.030191715,0.024301932,0.029850648,0.024100208
Southeast Asia,Pasture,167,0.102681,0.0992805,0.101032,0.121852,0.144678,0.846401992,0.817987448,0.801611735,0.787244605,0.776182622,0.766153383,0.756165645,0.939309197,0.748918886,0.930041166,0.745936048,0.923102017,0.742332107,0.914885625,0.736410246,0.904550422,0.730297514
Southeast Asia,Pasture,175,1.35182,1.01679,0.75037,0.905768,1.01707,7.492938919,7.241393618,7.096424423,6.969236596,6.87130823,6.782522435,6.694104039,8.315418094,6.629950682,8.233371037,6.603544532,8.171940866,6.571639944,8.099203649,6.519215504,8.007709251,6.465101356
Southeast Asia,Pasture,165,0.035094,0.0296342,0.0188284,0.0228083,0.0258317,0.196465055,0.18986953,0.186068434,0.182733566,0.180165882,0.177837916,0.175519583,0.21803048,0.173837481,0.215879204,0.173145111,0.214268504,0.172308571,0.212361332,0.170934001,0.209962346,0.169515127
Southeast Asia,Pasture,127,0.759437,0.631376,0.380874,0.460467,0.532791,61.49527098,59.44542795,58.16155889,57.62241979,57.13553889,56.51961955,56.08088542,57.37069392,55.71623955,60.76581315,55.16424159,60.0940568,54.51263159,59.51500069,53.99596291,59.07932552,53.57608159
Southeast Asia,Pasture,112,0.037795,0.0364702,0.0393755,0.0475271,0.0534073,4.772374828,4.613295616,4.513660241,4.47182005,4.434035386,4.386236622,4.352188415,4.452284724,4.323889868,4.715764846,4.281051759,4.66363282,4.230483201,4.618694847,4.19038684,4.584884033,4.157801716
Southeast Asia,Pasture,108,0.157206,0.145668,0.17399,0.210063,0.238404,20.58033002,19.8943188,19.46465244,19.28422132,19.12127921,18.91515241,18.76832334,19.19997742,18.64628904,20.33620584,18.46155451,20.11139233,18.24348329,19.91760238,18.07057224,19.77179704,17.93005255
Southeast Asia,Other Land,110,0.05454,0.05455,0.05461,0.05461,0.05461,44.71352136,45.62726466,46.14872093,46.21695165,46.72201701,46.47114231,46.34731674,46.24974733,44.60279702,8.990539799,43.31546407,7.548752493,42.63261736,6.64673908,42.21474813,6.689649075,43.94569684
Southeast Asia,Built-up Area,66,0.04932,0.06401,0.08031,0.08416,0.08416,0.249242293,0.254532993,0.254732682,0.258172968,0.258226956,0.259855891,0.259855891,0.299547277,0.257882501,0.368036488,0.255453848,0.358958561,0.25263233,0.349075286,0.249560501,0.339364472,0.246542275
Southeast Asia,Built-up Area,167,0.00044,0.00155,0.00269,0.00296,0.00296,0.001290568,0.001453316,0.001467074,0.001630312,0.001641057,0.001787805,0.0017954,0.002638969,0.001856019,0.002670602,0.001882475,0.00265743,0.001878256,0.002616179,0.001854696,0.002557562,0.0018212
Southeast Asia,Built-up Area,175,0.397465,0.69188,1.0458,1.32505,1.32505,0.582611588,0.656082201,0.662293405,0.735985145,0.74083561,0.807083422,0.810512231,1.191331533,0.837877695,1.205611705,0.849821346,1.199665244,0.84791652,1.181043244,0.837280531,1.154581295,0.822159417
Southeast Asia,Built-up Area,165,0,0,0.00108,0.00377,0.00377,0.001049499,0.001181847,0.001193036,0.001325782,0.00133452,0.001453856,0.001460033,0.00214603,0.001509328,0.002171754,0.001530843,0.002161042,0.001527412,0.002127497,0.001508253,0.002079829,0.001481014
Southeast Asia,Built-up Area,127,0.05507,0.08229,0.12046,0.13861,0.13861,0.368423573,0.37624415,0.376539325,0.381624668,0.381704471,0.384112321,0.384112321,0.442783111,0.381195307,0.544022108,0.377605334,0.530603349,0.373434639,0.515994145,0.36889394,0.501639869,0.364432476
Southeast Asia,Built-up Area,112,0.00231,0.00392,0.00869999,0.00926999,0.00926999,0.02304711,0.023536335,0.023554799,0.023872918,0.02387791,0.024028536,0.024028536,0.027698747,0.023846059,0.034031855,0.023621485,0.033192431,0.023360583,0.032278537,0.023076535,0.031380591,0.022797443
Southeast Asia,Built-up Area,108,0.01115,0.01741,0.02818,0.03373,0.03373,0.085522966,0.087338374,0.087406893,0.088587365,0.08860589,0.089164829,0.089164829,0.102784208,0.088487696,0.126285036,0.087654348,0.123170111,0.086686196,0.119778844,0.085632153,0.116446755,0.084596504
USA,Forest,224,11.1834,15.7071,13.4316,10.0921,10.8313,125.6891074,126.302324,126.9998165,127.9105592,129.0459497,129.902607,130.6502602,138.4135445,131.5648253,98.87283843,132.6448693,100.943766,133.7198077,102.5031737,134.501128,104.1982337,135.3067775
USA,Forest,217,14.722,19.9744,16.6052,12.4835,13.2937,158.1824881,158.9542346,159.8320441,160.9782336,162.4071474,163.4852694,164.4262073,174.1964702,165.5772074,124.4336276,166.9364663,127.0399352,168.2892999,129.0024839,169.2726085,131.1357539,170.2865361
USA,Forest,27,0.0277704,0.0374047,0.030005,0.0227068,0.024379,0.269789688,0.270540704,0.270846674,0.271267878,0.271983128,0.272848147,0.273782519,0.293898268,0.275110394,0.295964213,0.276991363,0.298423502,0.279394581,0.30090932,0.281561538,0.302951848,0.283153379
USA,Forest,222,2.951,3.98478,3.20462,2.40592,2.66927,31.22570517,31.37805028,31.55133256,31.77759387,32.0596658,32.27249036,32.45823437,34.38691405,32.68544531,24.56357727,32.95376716,25.07807033,33.22082062,25.46548342,33.41492874,25.88659744,33.61508113
USA,Forest,227,17.7164,26.6302,27.6753,20.9483,21.8865,217.8115294,218.4178532,218.6648746,219.0049287,219.5823775,220.2807402,221.0350947,237.2753078,222.1071391,238.943224,223.6257167,240.9287025,225.565927,242.9355977,227.3153941,244.5846093,228.6005483
USA,Forest,96,0.0235772,0.0321962,0.0265065,0.0199202,0.0223205,0.032028841,0.03292506,0.033638209,0.034245504,0.034973012,0.035658474,0.036251882,0.034702106,0.037084928,0.035699817,0.037843775,0.036662328,0.038501293,0.03727015,0.038900305,0.037654744,0.039263197
USA,Forest,223,11.3742,15.4214,12.3054,9.23529,9.88539,119.4835701,120.0665109,120.7295667,121.5953441,122.674678,123.4890403,124.1997803,131.5797748,125.0691914,93.99127707,126.0959113,95.95995856,127.1177777,97.44237501,127.8605226,99.05374633,128.6263955
USA,Forest,218,10.1868,14.2683,12.0738,9.19324,9.68449,113.7064743,114.2612296,114.8922263,115.7161428,116.7432903,117.5182778,118.1946531,125.2178209,119.0220277,89.44674753,119.9991051,91.3202422,120.9715638,92.730983,121.6783965,94.26444364,122.4072391
USA,Forest,219,13.3993,18.5971,15.6863,11.9121,12.736,148.4385578,149.1627653,149.9865024,151.0620874,152.4029811,153.4146915,154.2976683,163.4660899,155.3777676,116.7686034,156.6532971,119.2143643,157.9227971,121.0560214,158.8455346,123.0578835,159.7970049
USA,Forest,23,4.34378,5.84675,4.63672,3.50939,3.67116,41.73507141,41.85124969,41.89858168,41.96373977,42.07438527,42.20819922,42.35274177,45.46454425,42.55815721,45.78413523,42.8491333,46.16457462,43.22089881,46.5491177,43.55611583,46.86508637,43.80236544
USA,Forest,228,14.6816,24.4166,28.0064,21.1811,22.4584,227.2710172,228.3798353,229.6410411,231.2878457,233.3408586,234.8898662,236.2417726,250.2793416,237.895489,178.7818453,239.8484242,182.5264961,241.7921278,185.3462168,243.2049109,188.411224,244.6616862
USA,Forest,7,125.544,171.482,141.729,106.814,112.441,1350.379858,1356.96814,1364.461867,1374.246713,1386.445132,1395.648896,1403.68154,1487.088789,1413.507453,1062.270965,1425.11124,1084.520617,1436.660174,1101.274597,1445.05453,1119.485999,1453.710276
USA,Forest,231,3.06186,4.13572,3.33297,2.5,2.78684,32.46072986,32.61910046,32.79923632,33.03444661,33.32767492,33.54891702,33.74200749,35.74696941,33.97820497,25.53510455,34.25713936,26.06994661,34.5347552,26.47268248,34.73654059,26.9104522,34.94460932
USA,Forest,230,6.02407,8.99039,9.28143,6.96135,7.45253,79.44088039,79.82845947,80.2693045,80.84493271,81.56254798,82.10399196,82.57654072,87.48326774,83.15458488,62.49185385,83.83721876,63.80076846,84.51662575,64.78638069,85.01045349,65.85773097,85.51965839
USA,Forest,225,5.84905,7.63588,5.91994,4.46136,4.90644,59.04778654,59.33587104,59.66354771,60.09140767,60.62480551,61.02725659,61.3784984,65.0256303,61.80815411,46.44970736,62.31555054,47.42261338,62.82054846,48.15521126,63.18760677,48.95153756,63.5660948
USA,Forest,220,8.26054,11.0629,8.70563,6.5437,7.22226,85.77250599,86.19097603,86.66695745,87.28846459,88.06327549,88.64787384,89.15808584,94.45589058,89.78220149,67.47260204,90.51924289,68.88584024,91.25280023,69.95000808,91.78598721,71.10674751,92.33577694
USA,Forest,221,3.828,5.22903,4.34805,3.25748,3.63162,41.64807815,41.85127232,42.08239196,42.38417372,42.76039434,43.0442545,43.29199531,45.86442085,43.59504367,32.76229568,43.95292476,33.44851388,44.30911411,33.96523594,44.56801074,34.52690746,44.83496908
USA,Forest,233,12.0775,18.5967,22.0478,16.5139,17.2627,177.5139696,178.3800313,179.3651179,180.6513833,182.2549246,183.4648038,184.5207338,195.4850205,185.8123976,139.640661,187.3377716,142.5654854,188.8559349,144.7678772,189.9594137,147.1618542,191.0972533
USA,Forest,232,11.4299,16.6152,17.7861,13.3531,14.055,150.3029977,151.0363015,151.870385,152.9594797,154.3172155,155.3416334,156.2357007,165.5192808,157.3293664,118.2352577,158.620917,120.7117382,159.9063624,122.5765271,160.8406897,124.6035333,161.8041109
USA,Forest,226,40.4173,59.5535,62.7834,47.1345,50.6305,534.6421487,537.2505803,540.2174953,544.0915095,548.9211057,552.5650579,555.7453409,588.7679241,559.6356147,420.5741282,564.2297839,429.3832063,568.8022359,436.0164389,572.1257278,443.2266941,575.552709
USA,Forest,229,40.4009,55.0411,45.5323,34.2815,36.6929,434.9649023,437.087025,439.5007962,442.6525497,446.5817289,449.5463125,452.1336721,478.9996135,455.2986537,342.1634172,459.0362982,349.3301545,462.7562746,354.726705,465.4601436,360.5926996,468.2482076
USA,Other Arable Land,224,12.3546,41.2537,67.6311,66.8459,64.0041,72.584995,71.42724856,70.06292668,68.07063873,66.77651043,66.31000669,64.40070321,64.73048796,60.71640888,84.23003539,57.95309538,80.34346217,57.56484849,81.02654458,58.03620277,81.9671064,58.96587408
USA,Other Arable Land,217,22.7171,25.1955,8.19933,9.19436,8.81299,21.34142716,21.00102676,20.59988909,20.01411694,19.63361757,19.49645623,18.93508316,19.03204642,17.85182761,24.76529984,17.03935867,23.62257028,16.92520639,23.82341005,17.06379389,24.09995387,17.33713568
USA,Other Arable Land,27,0.0175803,0.0258192,0.0330505,0.0333083,0.0316386,0.045912783,0.045536386,0.045239353,0.044865929,0.044887369,0.045074509,0.045159572,0.093625033,0.045130618,0.093540748,0.045066254,0.093382769,0.044991815,0.093248119,0.044989172,0.09329118,0.045002262
USA,Other Arable Land,222,0,1.1733,3.50777,4.18473,4.18167,3.756804311,3.696882466,3.626268831,3.52315336,3.456172757,3.432027777,3.333207358,3.350276131,3.142518184,4.359520313,2.999496501,4.158361726,2.979401886,4.193716236,3.003797917,4.242397188,3.051915206
USA,Other Arable Land,227,73.9972,61.4373,9.35929,8.13491,7.63585,52.13668246,51.70926167,51.37196321,50.94791778,50.97226504,51.18477365,51.28136762,106.3167669,51.24848825,106.221057,51.17539914,106.0416625,51.09086903,105.8887586,51.0878682,105.9376571,51.10273298
USA,Other Arable Land,96,0.13031,0.156408,0.105032,0.105249,0.10438,0.041467526,0.041687731,0.041323689,0.040990311,0.040015724,0.040243213,0.041515665,0.087413939,0.042075163,0.087395233,0.041628679,0.086893237,0.041619893,0.087848506,0.042433073,0.089307727,0.042970047
USA,Other Arable Land,223,0,0,146.41,137.676,131.567,119.6804424,117.7715134,115.5219762,112.2370286,110.1032288,109.3340427,106.1859225,106.7296821,100.1111411,138.8811545,95.55490216,132.4728492,94.91474837,133.5991372,95.69193227,135.1499654,97.22480381
USA,Other Arable Land,218,9.16336,18.9475,9.63152,0,0,10.86729733,10.69396158,10.48969771,10.19141588,9.997661273,9.927817157,9.641959609,9.691334401,9.090353566,12.61077222,8.676635146,12.02888134,8.618507507,12.13115123,8.689077838,12.27197049,8.828266585
USA,Other Arable Land,219,28.5347,25.8195,11.5368,11.334,10.7902,25.34252869,24.93830985,24.46196668,23.76637368,23.3145381,23.15166168,22.4850421,22.60018408,21.19869725,29.40831075,20.23390623,28.05134167,20.09835262,28.28983498,20.26292257,28.61822537,20.58751062
USA,Other Arable Land,23,0,0,5.32612,4.37954,4.11488,4.487647525,4.450857423,4.421824571,4.385325002,4.387420685,4.405712292,4.414026586,9.151180191,4.411196505,9.142941994,4.404905384,9.127500675,4.397629483,9.114339521,4.397371188,9.118548443,4.398650669
USA,Other Arable Land,228,133.882,108.805,28.1708,21.927,20.767,90.28208182,88.842063,87.14510318,84.66707169,83.05741949,82.47717658,80.10236215,80.51255236,75.51979296,104.7663218,72.08275069,99.93215575,71.59984458,100.7817818,72.18612065,101.9516638,73.34245691
USA,Other Arable Land,7,0.879645,0.78568,0.2878,0.27871,0.255979,0.716325108,0.704899567,0.691435379,0.671773934,0.659002471,0.65439865,0.63555616,0.638810732,0.599196682,0.831247412,0.571926158,0.792891688,0.568094636,0.799632876,0.572746326,0.808915071,0.581921045
USA,Other Arable Land,231,12.2516,12.9892,8.12382,8.4106,8.28881,14.41511371,14.18518952,13.9142402,13.51857912,13.26156999,13.16892406,12.78974339,12.85523743,12.05805605,16.72777601,11.50927213,15.95591683,11.43216772,16.09157449,11.52577695,16.27836662,11.71040626
USA,Other Arable Land,230,33.356,28.9642,8.87326,8.74808,8.31714,25.41263475,25.00729771,24.52963681,23.83211956,23.37903405,23.21570705,22.54724338,22.66270388,21.25734006,29.48966414,20.2898801,28.12894123,20.1539515,28.36809429,20.31897672,28.69739312,20.64446268
USA,Other Arable Land,225,34.3148,53.9568,58.2388,61.4612,59.7815,77.09509969,75.86541611,74.41632141,72.30024166,70.92570205,70.43021187,68.40227287,68.75254897,64.48905309,89.46371045,61.55403973,85.33564308,61.14166892,86.06116915,61.64231104,87.06017324,62.62974793
USA,Other Arable Land,220,5.61994,8.44678,11.9295,11.9703,11.6677,14.291357,14.06340675,13.79478358,13.40251934,13.14771668,13.05586613,12.67994081,12.74487257,11.95453516,16.58416462,11.41046266,15.818932,11.33402021,15.95342501,11.42682579,16.13861349,11.60987002
USA,Other Arable Land,221,9.31315,9.34843,3.11665,3.53808,3.5178,8.302307555,8.169883946,8.013832136,7.785953257,7.637930223,7.584571295,7.36618422,7.403905164,6.944772817,9.634273023,6.628703654,9.18972486,6.584295783,9.267856163,6.638209519,9.375438088,6.744545782
USA,Other Arable Land,233,80.4094,68.8655,8.94013,9.15905,8.6073,50.67094288,49.86273033,48.91030929,47.5195107,46.61609119,46.29042905,44.95756118,45.187781,42.38558791,58.80024256,40.45654319,56.08706018,40.18551147,56.56391396,40.51455973,57.22051185,41.16355505
USA,Other Arable Land,232,40.3877,34.0601,2.19771,2.32715,2.1885,23.36902064,22.99627969,22.55703097,21.91560614,21.49895651,21.34876382,20.73405616,20.84023164,19.54788331,27.11818656,18.65822381,25.86688924,18.53322622,26.08681027,18.68498056,26.3896278,18.98429185
USA,Other Arable Land,226,201.491,172.693,44.1481,44.1148,41.9615,145.2360995,142.9195522,140.1896658,136.2032754,133.6138401,132.6804077,128.8600618,129.5199317,121.4881175,168.5367865,115.9589737,160.7601002,115.1821263,162.1268872,116.1252642,164.0088675,117.9854536
USA,Other Arable Land,229,2.824,17.2904,32.7476,33.8482,32.3309,34.27592611,33.72921765,33.08496058,32.14416676,31.53305635,31.31276499,30.41115791,30.56688814,28.67136858,39.77492138,27.36648277,37.93961236,27.18314568,38.26217602,27.40572756,38.70632605,27.8447349
USA,Pasture,224,29.2106,8.84955,1.55016,3.33868,3.48334,353.2983787,345.1884104,339.1299316,333.1525439,325.8388829,318.89639,311.7336368,310.7043002,306.2002757,360.2470103,303.8477678,358.0649514,302.6622765,356.961015,302.6420091,355.4144626,300.7016367
USA,Pasture,217,6.97449,2.06404,0.373052,0.805224,0.834423,84.087559,82.15732813,80.71536654,79.29270519,77.5520012,75.89963789,74.19485103,73.9498615,72.87787123,85.74138338,72.31795739,85.22203765,72.03580192,84.95929282,72.03097815,84.5912022,71.56915554
USA,Pasture,27,0.0017809,0.000527,8.75E-05,0.0001903,0.0001983,0.013702754,0.013509067,0.013333654,0.013169953,0.013001636,0.012845052,0.012710707,0.006275173,0.01258405,0.006282724,0.012304058,0.006272916,0.012005126,0.00625935,0.011728081,0.006251043,0.011469326
USA,Pasture,222,5.02464,1.48289,0.247084,0.536239,0.573854,59.84167135,58.46800511,57.44182011,56.42937031,55.19058258,54.01466329,52.80143632,52.6270873,51.86419574,61.01863042,51.465728,60.64903334,51.26492951,60.46204861,51.26149663,60.20009359,50.93283639
USA,Pasture,227,0.885009,0.301052,0.0689792,0.149657,0.152582,7.664875404,7.556533179,7.458413049,7.366843871,7.272692882,7.185104868,7.109956808,3.51012829,7.039109044,3.514351644,6.882490737,3.50886536,6.715277908,3.501277387,6.560307418,3.496630639,6.415568372
USA,Pasture,96,0.194886,0.0577038,0.0097101,0.0211124,0.022789,0.847792865,0.775358491,0.743755854,0.719454218,0.698675001,0.682181465,0.666988332,0.683097957,0.655312891,0.676431631,0.64700482,0.672468936,0.640918928,0.669496944,0.634461673,0.667029454,0.629910262
USA,Pasture,223,64.0675,19.1795,3.21218,6.9014,7.18349,765.0285247,747.4672863,734.3483212,721.4049497,705.5680266,690.5348269,675.0246779,672.7957633,663.042797,780.0750172,657.9487015,775.3500103,655.3816513,772.9595581,655.3377647,769.6106701,651.136103
USA,Pasture,218,3.91692,1.23033,0.234807,0.510086,0.523525,48.81609651,47.69552247,46.85840771,46.0324975,45.02195117,44.06269004,43.07299501,42.93076906,42.30843704,49.77620585,41.98338529,49.47470547,41.81958308,49.32217188,41.81678269,49.10848097,41.54867671
USA,Pasture,219,3.30801,1.03314,0.202377,0.439968,0.457048,41.39648002,40.44622335,39.73634266,39.03596353,38.17901134,37.36554944,36.52627933,36.40567047,35.87792744,42.2106612,35.60228069,41.95498622,35.46337497,41.82563639,35.46100022,41.64442462,35.23364398
USA,Pasture,23,2.02542,0.605354,0.10253,0.222773,0.227405,15.66899043,15.44751086,15.2469279,15.05973679,14.86726778,14.6882152,14.5345931,7.175611302,14.38976192,7.184244931,14.06959354,7.173029547,13.72776721,7.157517765,13.4109674,7.148018608,13.1150833
USA,Pasture,228,3.48156,1.1719,0.255742,0.555616,0.573309,45.94342949,44.88879755,44.10094425,43.32363614,42.37255715,41.46974538,40.53829065,40.40443423,39.81872441,46.84703955,39.5128009,46.56328147,39.3586379,46.41972399,39.35600231,46.21860808,39.10367348
USA,Pasture,7,0.350963,0.100291,0.0164061,0.0356873,0.0365983,4.108386126,4.014078077,3.943626097,3.874117097,3.789069032,3.708337155,3.625043945,3.613074141,3.56069838,4.18918939,3.533341869,4.163814972,3.519556196,4.150977673,3.519320514,4.132993343,3.496756586
USA,Pasture,231,23.4402,7.04502,1.21298,2.60245,2.8041,282.3258711,275.8450776,271.0036591,266.2270416,260.3825888,254.8347418,249.1108816,248.2883237,244.6890923,287.8786237,242.809169,286.1349087,241.8618256,285.2527371,241.8456297,284.0168645,240.2950499
USA,Pasture,230,0.971164,0.332793,0.0803214,0.174467,0.181456,13.24099681,12.93704957,12.70998853,12.48596664,12.21186359,11.95167127,11.68322398,11.64464627,11.47584341,13.5014192,11.38767559,13.4196395,11.34324548,13.37826592,11.34248589,13.32030388,11.26976417
USA,Pasture,225,24.3463,7.33563,1.29693,2.76422,2.93979,294.3336088,287.5771775,282.5298463,277.5500722,271.4570462,265.673241,259.7059365,258.848394,255.096082,300.1225282,253.1362027,298.3046504,252.1485675,297.3849587,252.1316827,296.0965227,250.5151544
USA,Pasture,220,9.96985,2.96039,0.495838,1.07794,1.14976,119.1078369,116.3737151,114.3312141,112.3160514,109.8503895,107.5098599,105.0950738,104.7480525,103.2296062,121.450436,102.4365028,120.7147963,102.0368369,120.3426251,102.0300042,119.8212344,101.3758445
USA,Pasture,221,13.2688,3.93516,0.662702,1.43929,1.54777,158.6736262,155.0312713,152.3102829,149.6257141,146.3409973,143.2229798,140.0060389,139.5437425,137.5208917,161.7944007,136.4643316,160.8143928,135.9319029,160.3185921,135.9228004,159.6240033,135.0513389
USA,Pasture,233,1.17108,0.377644,0.0873455,0.187808,0.191599,15.33553409,14.98350674,14.72052787,14.46106889,14.14360665,13.8422556,13.53134377,13.48666361,13.29115855,15.6371516,13.18904383,15.54243552,13.13758551,15.49451723,13.13670577,15.42738642,13.05248051
USA,Pasture,232,0.114799,0.0365435,0.0095846,0.0208117,0.0213426,1.545223541,1.509752917,1.483254907,1.457111565,1.425123756,1.394759327,1.363431544,1.358929527,1.339230245,1.575614818,1.328941065,1.566071133,1.323756073,1.561242838,1.32366743,1.554478671,1.31518081
USA,Pasture,226,5.60595,1.75632,0.378779,0.815706,0.85052,71.57889784,69.93580343,68.70834454,67.49731485,66.01555375,64.60899199,63.15780509,62.94925961,62.03673601,72.98670332,61.5601136,72.5446142,61.31993089,72.32095465,61.31582469,72.0076203,60.92270169
USA,Pasture,229,11.8361,3.52492,0.603918,1.31098,1.36366,141.8264534,138.5708256,136.1387381,133.7392034,130.8032415,128.0162795,125.1408973,124.7276852,122.9196106,144.6158797,121.9752308,143.7399241,121.4993327,143.296765,121.4911967,142.6759242,120.7122626
USA,Other Land,217,1.03137,1.02961,1.01921,1.00879,1.00879,34.66124731,35.19971489,35.595601,35.83826728,36.02781751,36.18373013,36.34930157,41.00026799,36.30576468,9.213585108,35.90505393,8.458480686,35.50165045,7.774414964,35.09873814,6.828685069,34.80622672
USA,Other Land,222,10.1155,10.1563,10.1904,10.1132,10.1132,344.6467966,350.0009353,353.9373453,356.3502463,358.2349989,359.7852832,361.4316079,407.6775108,360.998708,91.6133388,357.0143252,84.10511736,353.0031679,77.30325423,348.9968944,67.89958864,346.0883688
USA,Other Land,7,71.6639,71.6633,71.6621,71.6622,71.6622,2436.280917,2474.1289,2501.95507,2519.011676,2532.334843,2543.29368,2554.931419,2881.840045,2551.871284,647.6074382,2523.705997,594.5324154,2495.351444,546.4505835,2467.031414,479.976816,2446.471276
USA,Other Land,231,0.003385,0.00789,0.02134,0.00972001,0.00972001,0.353937491,0.359435962,0.363478486,0.365956432,0.367891992,0.369484068,0.371174773,0.418667333,0.370730203,0.094082973,0.366638413,0.086372351,0.362519126,0.079387129,0.358404855,0.069729968,0.355417924
USA,Built-up Area,224,2.82306,3.73706,5.56679,6.31106,6.31106,4.532265017,4.651863726,4.672388988,4.781798235,4.800874332,4.897419417,4.914467205,5.18148529,4.990694304,6.118632055,5.063753981,6.212625791,5.125657483,6.262910094,5.171690831,6.274733798,5.206350338
USA,Built-up Area,217,8.63999,13.8474,20.1609,22.4608,22.4608,16.03658604,16.45976407,16.53238893,16.91951343,16.98701069,17.32861771,17.38893817,18.33373255,17.65865374,21.64965399,17.91716197,21.98223353,18.13619612,22.16015529,18.29907666,22.20199129,18.42171295
USA,Built-up Area,222,0.556185,0.91417,1.90435,2.36625,2.36625,1.484664312,1.52384206,1.530565657,1.566405575,1.572654459,1.604280377,1.609864835,1.697333732,1.634835055,2.004321155,1.658767701,2.035111311,1.679045844,2.051583275,1.694125296,2.055456445,1.705478942
USA,Built-up Area,227,9.57326,11.3835,15.3524,16.4648,16.4648,0.600464125,0.64018832,0.650871379,0.68780867,0.698380034,0.734030403,0.744709369,0.718089837,0.781076264,0.742383953,0.815415264,0.757914834,0.845536429,0.763181973,0.869508214,0.757872124,0.888250247
USA,Built-up Area,96,0.0013,0.00844,0.01785,0.02267,0.02267,0.000935311,0.001010171,0.001015064,0.001073362,0.001077324,0.001111147,0.001113972,0.001743121,0.001120876,0.001731474,0.001115891,0.001709749,0.001103476,0.001678355,0.001085537,0.001637272,0.001062061
USA,Built-up Area,223,3.9598,5.07901,7.35621,8.12224,8.12224,5.977238866,6.13496796,6.162037073,6.306328106,6.331486032,6.458811559,6.481294513,6.833443133,6.581824288,8.069370434,6.678176804,8.193331194,6.759816341,8.259647105,6.820526012,8.275240436,6.866235641
USA,Built-up Area,218,8.26323,10.1077,13.6482,14.8912,14.8912,11.31765214,11.61630559,11.66755983,11.94076887,11.98840436,12.22948992,12.27206046,12.93883916,12.46240939,15.27901589,12.64484885,15.51373041,12.7994299,15.63929681,12.91438113,15.66882213,13.00093041
USA,Built-up Area,219,2.55996,3.27735,4.5454,4.92178,4.92178,3.704016519,3.801759169,3.818533543,3.907948804,3.923538841,4.0024408,4.016373191,4.234595072,4.078670174,5.000483008,4.138378564,5.077299864,4.188969514,5.118394965,4.226590501,5.128057947,4.254916159
USA,Built-up Area,23,0.2121,0.25865,0.3514,0.38939,0.38939,0.013883857,0.014802355,0.015049367,0.015903427,0.016147856,0.01697216,0.017219077,0.016603584,0.018059948,0.017165309,0.01885393,0.017524413,0.019550388,0.017646199,0.020104661,0.017523425,0.020538012
USA,Built-up Area,228,8.92767,10.7984,14.6888,16.0064,16.0064,12.16483252,12.48584161,12.54093246,12.83459251,12.88579374,13.14492571,13.19068286,13.90737313,13.39528031,16.42272327,13.59137625,16.6750073,13.75752843,16.80997295,13.8810843,16.84170839,13.97411221
USA,Built-up Area,7,0.127725,0.23189,0.34817,0.392,0.392,0.273189089,0.280398081,0.281635272,0.288230079,0.28937992,0.29519932,0.296226901,0.312321818,0.300821604,0.368809748,0.305225386,0.374475362,0.308956713,0.377506324,0.311731442,0.378219015,0.313820596
USA,Built-up Area,231,0.980805,1.4462,2.25059,2.56373,2.56373,1.795589878,1.842972419,1.851104104,1.89444979,1.902007346,1.940256517,1.947010499,2.052797554,1.977210102,2.424075765,2.006154839,2.461314144,2.030679729,2.481235746,2.048917192,2.485920054,2.062648573
USA,Built-up Area,230,1.35259,1.79519,2.80626,3.1963,3.1963,2.261027788,2.320692438,2.330931951,2.385513346,2.395029909,2.443193712,2.451698405,2.584906703,2.489726099,3.052424571,2.52617365,3.099315573,2.557055679,3.124401089,2.580020505,3.130299624,2.597311222
USA,Built-up Area,225,4.52299,7.11567,11.7857,13.6546,13.6546,9.290785908,9.535953832,9.578029,9.802309328,9.841413824,10.03932363,10.07427026,10.62163628,10.2305298,12.54271325,10.38029638,12.735393,10.50719367,12.83847185,10.60155841,12.86270951,10.67260766
USA,Built-up Area,220,0.085225,0.13324,0.32491,0.40217,0.40217,0.246805695,0.253318474,0.254436183,0.260394093,0.261432886,0.266690275,0.267618617,0.282159157,0.271769583,0.333191733,0.275748068,0.338310187,0.279119039,0.341048432,0.281625797,0.341692295,0.28351319
USA,Built-up Area,221,1.20478,2.33119,4.43915,5.17941,5.17941,3.357476025,3.446074066,3.461279063,3.542328807,3.556460271,3.627980318,3.640609222,3.838414694,3.697077822,4.532647663,3.751200013,4.602277685,3.797057774,4.639528009,3.831159015,4.648286942,3.85683458
USA,Built-up Area,233,15.0998,18.7012,24.8753,26.9765,26.9765,20.62569063,21.16996728,21.26337481,21.76128066,21.84809325,22.28745614,22.36503819,23.58019935,22.71193683,27.8450204,23.04442098,28.27277247,23.32613498,28.50160915,23.53562617,28.55541714,23.69335664
USA,Built-up Area,232,4.41901,5.62504,7.4954,8.10419,8.10419,6.180206226,6.343291281,6.371279572,6.520470253,6.54648246,6.678131543,6.701377944,7.065484373,6.805321379,8.343379697,6.90494571,8.471549756,6.989357456,8.540117538,7.052128628,8.556240367,7.099390406
USA,Built-up Area,226,10.278,15.7757,25.3197,28.955,28.955,20.01295932,20.54106704,20.6316997,21.11481416,21.1990478,21.62535845,21.70063576,22.87969789,22.03722901,27.0178231,22.359836,27.43286785,22.63318106,27.65490643,22.83644885,27.70711594,22.98949359
USA,Built-up Area,229,2.9674,4.31549,6.75328,7.63515,7.63515,5.366864428,5.508486787,5.532791697,5.662348242,5.68493713,5.799260626,5.8194477,6.135636152,5.909711731,7.24535494,5.99622507,7.356657266,6.069527866,7.416201232,6.124038081,7.430202227,6.165080005
Africa_Northern,Cropland,75,0.303586041,0.370281328,0.285758005,0.315709266,0.323529765,0.493390677,0.509443833,0.523570122,0.542826281,0.544690545,0.532495693,0.527338098,0.493968896,0.541499379,0.520742123,0.553767267,0.5523585,0.56643943,0.558797351,0.571615546,0.559313543,0.573363124
Africa_Southern,Cropland,194,2.5319422,2.9169908,3.6950508,3.6946344,4.161128248,1.750037525,1.860820699,1.930132179,2.00071824,2.040895728,2.061013571,2.092364424,1.728350197,2.11495473,1.729727353,2.175216344,1.790071659,2.228728602,1.813216896,2.249427313,1.842628025,2.258620147
Africa_Southern,Cropland,198,2.9839396,3.2827696,4.2163312,4.5030072,4.649138436,2.021342641,2.149300327,2.229357039,2.310885928,2.357292058,2.380528734,2.416739853,1.996293166,2.442832293,1.99788382,2.512436153,2.067583193,2.57424432,2.094316594,2.598151913,2.128287276,2.608769896
Africa_Southern,Cropland,199,7.2042414,8.0388982,11.0375442,12.9396276,14.30138905,5.50978713,5.858574912,6.076793947,6.299025849,6.425519941,6.488858602,6.587563072,5.441507131,6.658685992,5.445842945,6.848412587,5.635829889,7.016889635,5.708699941,7.082057087,5.801297418,7.110999645
Argentina,Cropland,203,20.2856314,20.0303018,22.4649158,28.2199016,28.60113574,37.8045566,38.20447661,38.83367177,39.73620447,40.4973051,40.62834156,40.01334359,34.8965649,40.11227284,33.54325093,38.92655317,32.29420321,37.84062968,31.28705891,37.31380245,30.70599,36.81264001
Argentina,Cropland,205,3.80785724,3.50411106,2.065372304,2.54688784,2.77173853,4.645198603,4.69433839,4.771650141,4.88254798,4.976067489,4.992168469,4.916601183,4.287881914,4.92875702,4.121594758,4.783062854,3.96811922,4.649631048,3.844367331,4.584897657,3.772969045,4.523317803
Argentina,Cropland,206,108.0758218,121.2393284,110.607636,139.0163618,141.4524363,441.090976,425.664614,414.4336882,413.9638362,414.1501832,413.2299736,413.2319872,315.7092744,419.2865786,325.392918,420.4608982,332.8126512,418.7127664,338.0964884,420.7494531,343.9739192,421.6764215
Argentina,Cropland,209,24.91235164,31.55495969,55.27827024,69.2124439,70.2106359,79.3910545,80.23090223,81.55223678,83.44759091,85.04593215,85.32111388,84.02959396,73.28415765,84.23734928,70.44214511,81.74729138,67.81909583,79.46680938,65.70405323,78.36045149,64.48378567,77.30799067
Argentina,Cropland,210,42.0674312,51.22693362,70.1189222,73.47985942,75.21606187,98.65354631,99.69716461,101.3390919,103.694312,105.6804555,106.0224041,104.4175253,91.06494537,104.6756879,87.53338105,101.5814722,84.2739066,98.74768144,81.64569546,97.37289017,80.12935684,96.0650729
Argentina,Cropland,212,4.23389746,4.977322864,4.318138442,4.748735282,5.180176429,7.414845545,7.493284373,7.616692377,7.793711794,7.942991249,7.968692256,7.848068833,6.844482836,7.86747245,6.579048851,7.634909791,6.334065265,7.421920784,6.136527716,7.318590845,6.022559014,7.220294702
Argentina,Cropland,213,1.918251482,2.052370282,1.215089686,1.528944044,1.644330789,2.642163763,2.670114208,2.714088712,2.777166801,2.830360191,2.839518341,2.796536078,2.438923969,2.803450253,2.344340737,2.720580201,2.257044683,2.644684914,2.18665528,2.607864912,2.146044323,2.572838626
Argentina,Cropland,214,0.025545224,0.028328622,0.025600032,0.02766343,0.029932717,0.043326002,0.043784331,0.044505421,0.045539771,0.046412032,0.046562207,0.045857387,0.039993291,0.045970765,0.038442322,0.044611868,0.037010848,0.043367343,0.035856608,0.042763572,0.035190673,0.042189213
Argentina,Cropland,215,0.265906302,0.284477684,0.192596068,0.189705064,0.206485919,0.360076728,0.363885843,0.369878733,0.378475078,0.385724326,0.386972408,0.381114742,0.332379005,0.382057013,0.319489108,0.370763399,0.307592314,0.360420313,0.297999575,0.355402447,0.292465073,0.350629029
Australia_NZ,Cropland,184,0.683085944,0.902846869,1.165110217,1.067094083,1.057309263,2.164894129,2.332345795,2.421203299,2.517773271,2.50384342,2.474748823,2.450884455,,2.390340763,,2.340369351,,2.290669423,,2.272551241,,2.26589822
Australia_NZ,Cropland,189,25.84457428,31.8434172,42.6084122,43.8747404,46.64892547,84.73177972,91.28566956,94.76346294,98.54311454,97.99791417,96.85918092,95.92515354,,93.55553431,,91.59970348,,89.65449825,,88.94537083,,88.68497829
Australia_NZ,Cropland,191,40.01202143,45.98345224,61.35867679,53.00611183,57.93721332,114.6944598,123.5659229,128.2735265,133.3897309,132.6517379,131.1103281,129.8460118,,126.6384526,,123.9910049,,121.3579401,,120.3980525,,120.0455805
Australia_NZ,Cropland,193,6.143738716,7.036689346,10.12491827,10.50557473,11.83365951,20.26802817,21.83573305,22.66762888,23.57172985,23.44131673,23.16892923,22.94550782,,22.37868969,,21.91085065,,21.44555328,,21.27592844,,21.21364197
Australia_NZ,Cropland,202,19.28212146,21.4415961,31.08443891,29.53583951,32.16978297,59.28548362,63.87113649,66.30449341,68.94905574,68.56758769,67.77083407,67.11730991,,65.45932489,,64.09086105,,62.72983178,,62.23366656,,62.05147402
Australia_NZ,Cropland,208,58.28618204,65.5736923,92.59543242,97.36211472,104.3381796,185.6778921,200.0398287,207.6609284,215.9435084,214.7487778,212.2534025,210.2066116,,205.0139211,,200.7279903,,196.465344,,194.9113901,,194.3407761
Australia_NZ,Cropland,211,0.740551123,1.212191983,0.83216593,0.822282518,0.866834,1.986647152,2.140311652,2.221853056,2.310471921,2.297688987,2.270989899,2.249090408,,2.193531593,,2.147674587,,2.102066712,,2.085440294,,2.079335051
Brazil,Cropland,156,0,0,0,0,0,0,0,0,0,0,0,0,0,0,0,0,0,0,0,0,0,0
Brazil,Cropland,168,22.33359505,35.54719442,38.77987862,44.13626844,46.30985835,67.81163765,65.44004784,63.7134483,63.64121506,63.66986332,63.52839383,63.52870339,48.53593496,64.4595131,50.02466123,64.64004849,51.16534262,64.37129741,51.97765951,64.68440981,52.88123322,64.82691839
Brazil,Cropland,172,11.75521646,11.65129482,9.948974868,9.535473288,10.22983701,19.25215064,18.57884137,18.08864889,18.06814142,18.07627484,18.03611077,18.03619865,13.77965735,18.30046138,14.20231611,18.35171652,14.52616273,18.27541639,14.75678461,18.36431098,15.01331487,18.40477006
Brazil,Cropland,174,24.49665746,28.63680924,32.49636202,33.46253182,34.60082985,55.70180892,53.75373854,52.33547582,52.27614202,52.29967427,52.18346845,52.18372274,39.86836874,52.94830808,41.0912377,53.09660339,42.02821575,52.87584598,42.69546878,53.13304265,43.43768194,53.25010199
Brazil,Cropland,186,29.91890066,38.68845702,39.47372922,44.16696422,44.81818489,71.42115922,68.9233329,67.1048288,67.02875069,67.05892386,66.90992414,66.91025018,51.119437,67.89060562,52.68740616,68.08075067,53.88880446,67.79769433,54.74435989,68.12747328,55.6960296,68.2775674
Brazil,Cropland,187,9.431397862,11.62742922,15.71742602,15.97069268,16.92246498,25.2497342,24.36667025,23.72376911,23.69687299,23.7075402,23.65486389,23.65497915,18.07240614,24.00156712,18.62673493,24.06878966,19.05146884,23.96871991,19.35393588,24.08530764,19.6903825,24.13837086
Brazil,Cropland,192,31.9066544,36.9276038,42.14255422,44.30439742,45.62927793,72.81440102,70.26784857,68.41387018,68.33630798,68.36706975,68.21516343,68.21549583,52.11664479,69.21497547,53.71520096,69.40882976,54.94003544,69.12025171,55.81228053,69.4564638,56.78251486,69.60948586
Brazil,Cropland,195,70.94618264,84.3287128,83.610363,85.305408,87.98162946,149.3803493,144.1560408,140.3525633,140.1934427,140.2565511,139.944912,139.9455939,106.918446,141.9960484,110.1979192,142.3937448,112.7106942,141.8017206,114.5001242,142.4914671,116.4905813,142.8053952
Brazil,Cropland,206,169.1888202,209.4586842,306.4186308,346.0324682,345.9335528,499.0668867,481.6129218,468.9058307,468.3742226,468.5850625,467.5439029,467.5461812,357.2053234,474.3965732,368.1617611,475.7252424,376.5567259,473.7473405,382.5350576,476.0517242,389.1850034,477.1005311
Canada,Cropland,2,3.013434998,2.5517276,2.6448338,2.5860078,2.746471771,4.139229361,4.251655683,4.411374962,4.593193461,4.743023993,4.854131703,4.999230365,5.020382908,5.172185996,5.16367362,5.525862458,5.397421671,5.88260825,5.656600413,6.233412715,5.895715304,6.530652132
Canada,Cropland,7,0.27574708,0.0194576,0.0234936,0.020362996,0.020876073,0.546222777,0.54511835,0.543042919,0.542372163,0.543277484,0.545624083,0.550716088,0.551197133,0.556945205,0.497395183,0.562600158,0.505005799,0.564184005,0.506917333,0.565469897,0.513998479,0.567509166
Canada,Cropland,10,19.80118398,13.4467764,13.5865008,13.49420138,14.34278286,22.8231706,23.44307467,24.32374593,25.32626941,26.15241541,26.76504883,27.56510392,27.68173628,28.5187587,28.47182257,30.46888456,29.76067882,32.43593431,31.18975658,34.37022435,32.50820489,36.00916371
Canada,Cropland,15,1.0695152,0.0859284,0.0822072,0.0632944,0.064167515,0.417243837,0.428576668,0.444676739,0.463004462,0.478107724,0.489307636,0.503933915,0.50606614,0.52136824,0.520510173,0.557019641,0.544072514,0.592980437,0.570198327,0.628342334,0.594301658,0.65830475
Canada,Cropland,19,2.49972876,0.379712398,0.485055398,0.44692718,0.460565706,1.305724608,1.341189619,1.391573247,1.4489281,1.496192311,1.531241365,1.577012903,1.583685496,1.631571953,1.628886714,1.743139595,1.702622803,1.855675461,1.784381032,1.966337128,1.859810096,2.06010164
Canada,Cropland,23,199.1619898,213.2026516,209.6806656,208.379197,217.6633032,320.3458389,329.0468074,341.4079022,355.4793136,367.0750923,375.67401,386.9035768,388.5406277,400.2890676,399.6302725,427.6610185,417.7206484,455.270513,437.7791725,482.4201925,456.2849023,505.4243322
Canada,Cropland,27,1.87775578,0.176991358,0.22875736,0.21744036,0.226934783,0.833770688,0.856416877,0.888589352,0.925213303,0.955393875,0.977774454,1.007001878,1.011262664,1.04184057,1.04012591,1.113082108,1.087210103,1.184941906,1.139416835,1.255604934,1.187582078,1.31547828
Canada,Cropland,34,0,0,0,0,0,0,0,0,0,0,0,0,0,0,0,0,0,0,0,0,0,0
Canada,Cropland,40,2.910692798,0.9327434,0.97496478,0.814301998,0.840441056,1.97850289,2.032241348,2.108585282,2.195492383,2.267109613,2.32021779,2.389573242,2.399683908,2.472243996,2.468175181,2.64129718,2.579903996,2.811817468,2.703788383,2.979497871,2.818082485,3.121574812
Canada,Cropland,223,6.407767176,7.337377198,6.450040798,6.272944998,6.717723999,50.36117948,50.25935244,50.06799978,50.0061568,50.08962643,50.30598046,50.77545808,50.81980999,51.34977631,45.8593254,51.87115719,46.56101634,52.01718623,46.73725785,52.13574415,47.39013226,52.32376263
Canada,Cropland,227,31.72657498,24.62936856,30.79145418,32.57185518,33.7509476,46.90784473,48.18191678,49.99193659,52.05239595,53.75035148,55.00948035,56.65381192,56.89352325,58.61383277,58.51736622,62.62187367,61.16631758,66.66469778,64.10346243,70.64019175,66.81323355,74.00865945
Canada,Cropland,229,0.540384898,0.139520598,0.229023758,0.235661158,0.243941274,2.107165695,2.102905142,2.094898742,2.092311166,2.095803624,2.104856109,2.124499555,2.126355286,2.148529645,1.918803298,2.170344779,1.948162798,2.176454791,1.955536932,2.181415381,1.982853896,2.189282276
Canada,Cropland,232,1.68465996,0.532024998,0.60167518,0.50988736,0.53428937,5.861591252,5.849739494,5.827467754,5.820269784,5.829984902,5.855166579,5.909809578,5.914971743,5.976655088,5.337615666,6.037339163,5.419286221,6.054335638,5.439799157,6.06813472,5.515787904,6.090018392
Central America and Caribbean,Cropland,111,4.167049234,4.977266694,5.463272374,5.783363572,5.889986813,13.37673139,13.63782473,14.38141701,15.10988479,15.82298027,16.27555746,16.65772691,18.30845917,17.0898635,19.01872426,17.53343687,20.03531872,18.01369922,20.44887907,17.99567577,20.30289332,18.05797679
Central America and Caribbean,Cropland,133,3.650528688,4.209742528,4.336348328,4.633715725,4.764917077,10.99176454,11.20630697,11.81732255,12.41591021,13.00186633,13.37375254,13.68778416,15.04420373,14.04287416,15.6278341,14.40736186,16.46317769,14.80199718,16.80300346,14.78718717,16.68304583,14.8383804
Central Asia,Cropland,42,4.44136522,4.06985386,2.32038166,2.65880666,2.805794011,17.50648856,16.96954019,16.79057449,16.90649003,16.88580366,17.01809693,17.08427408,16.27132051,16.97571612,15.15830626,16.7591976,14.8978743,16.65600109,14.68576642,16.18652816,14.41669546,15.7913864
Central Asia,Cropland,70,2.886283802,2.744493446,1.627389864,1.495776662,1.522342579,1.767721159,1.825236438,1.875848137,1.944839143,1.951518432,1.907826692,1.88934805,1.769792801,1.940085117,1.865715977,1.984038532,1.978991199,2.029440385,2.002060326,2.047985384,2.003909741,2.054246608
Central Asia,Cropland,85,0.402533042,0.363607826,0.336376862,0.335245462,0.343606101,1.913668122,1.854973257,1.835410171,1.848081122,1.845819856,1.860281089,1.867515041,1.778649513,1.85564836,1.656983774,1.831980302,1.628515452,1.820699692,1.605329529,1.769380698,1.575916863,1.726186988
China,Cropland,42,7.0518882,13.7112776,18.26972682,19.08952582,19.69218012,20.2884017,19.66612818,19.45872348,19.59305887,19.56908529,19.72240096,19.79909416,18.85695612,19.67328552,17.56707552,19.42236056,17.26525895,19.30276536,17.01944552,18.75868964,16.70761716,18.30075687
China,Cropland,66,37.1472478,58.1301022,75.5963424,75.1338864,75.38195857,83.79507388,81.22496234,80.36834031,80.92317178,80.82415619,81.45737994,81.77413787,77.88292322,81.25452355,72.5554636,80.21815433,71.30890204,79.7242027,70.29364444,77.47706337,69.00573221,75.58571133
China,Cropland,77,113.8685986,136.0694378,121.7304654,117.1496118,117.1114045,157.9824569,153.1369151,151.5218887,152.5679363,152.381258,153.575102,154.1722993,146.836025,153.1926481,136.7919362,151.2387366,134.4417401,150.3074684,132.5276313,146.0708399,130.0994749,142.5049926
China,Cropland,78,144.6221194,165.3958246,131.529125,126.602157,126.9795646,181.2391556,175.6802984,173.827523,175.02756,174.8134006,176.1829911,176.8681023,168.4518503,175.7442359,156.9291648,173.5026879,154.2329948,172.4343271,152.0371088,167.5740219,149.251502,163.4832438
China,Cropland,79,117.1471714,154.5069166,167.7540142,164.5534182,166.1859707,200.7985899,194.6398177,192.5870897,193.9166353,193.6793638,195.1967613,195.95581,186.6312712,194.7106554,173.8650509,192.2271982,170.8779086,191.0435392,168.4450413,185.6587071,165.3588103,181.1264499
China,Cropland,85,12.2710964,15.3773524,13.0397692,12.5521108,13.00254448,17.2713353,16.74159941,16.56503764,16.67939615,16.65898766,16.78950392,16.85479215,16.05275845,16.74769238,14.95469461,16.53408221,14.69776085,16.43227188,14.48850208,15.96910507,14.22304538,15.57927099
China,Cropland,89,0.0050554,0.0045682,0.0077898,0.007500202,0.007949827,0.001036913,0.001033015,0.001063089,0.001099761,0.001119594,0.001122964,0.001123969,0.001123231,0.001121746,0.001121443,0.001122058,0.00112339,0.001126335,0.001123391,0.001120863,0.00111961,0.001119633
China,Cropland,92,0.0040708,0.0035814,0.008459802,0.008140002,0.008527963,0.008546637,0.0082845,0.008197129,0.008253719,0.00824362,0.008308205,0.008340513,0.00794363,0.008287515,0.007400259,0.008181811,0.007273116,0.008131431,0.007169566,0.007902235,0.007038206,0.007709327
China,Cropland,103,4.727176,4.703478,4.86641442,4.86646564,4.94761675,0.019928315,0.005941087,0.003886603,0.002842018,0.00225404,0.001745852,0.001326916,0.001200613,0.001121038,0.001053304,0.000999147,0.000950848,0.000883787,0.000864013,0.000845876,0.000830174,0.000798988
China,Cropland,106,414.8636306,511.0762622,416.7834932,401.1039182,406.2899314,560.5945797,543.4003637,537.6695057,541.3813649,540.7189441,544.9552528,547.0743843,521.0419012,543.5981301,485.4008444,536.6647516,477.0612652,533.3601825,470.2691248,518.326672,461.6529069,505.6734019
China,Cropland,108,49.5185954,72.0957764,77.6507018,74.7418146,74.97057132,90.98800242,88.19727375,87.26711969,87.86957763,87.7620626,88.44964196,88.79359024,84.5683556,88.22937247,78.78358944,87.10404182,77.43002363,86.56768962,76.32761681,84.12765695,74.92915083,82.07395216
China,Cropland,110,0.671568,0.5920792,1.752679222,1.786282022,1.867729376,2.10912161,2.083835479,2.071373771,2.073902435,2.06789122,2.066277695,2.069020707,2.065448236,2.074132495,1.941990559,2.059051143,1.946504008,2.024402926,1.943647882,1.991650629,1.928157169,1.970786699
China,Cropland,112,20.8756188,24.4899358,13.08295262,12.59511824,12.62768477,21.81540718,21.14629828,20.92328328,21.06772942,21.04195147,21.20680643,21.28927194,20.27622394,21.15399432,18.88926053,20.88418351,18.56472775,20.75558698,18.3004132,20.17056143,17.96511509,19.67816237
China,Cropland,124,8.0689322,9.03100842,7.0729536,6.807730222,6.866290805,9.867729626,9.565072625,9.464196592,9.52953369,9.517873589,9.592442181,9.629743677,9.171513231,9.568553759,8.544150205,9.446510652,8.397354792,9.388342779,8.277797794,9.12371907,8.126132916,8.900992963
China,Cropland,127,1.3420118,1.5153086,4.326894642,4.166794642,4.20471053,4.055803233,3.931406103,3.889944353,3.916799001,3.912006503,3.942655452,3.957986996,3.769646557,3.932836908,3.511789777,3.882675133,3.451454387,3.858767157,3.402314446,3.750002351,3.339977624,3.658458166
Colombia,Cropland,156,3.323807093,3.238541025,2.312701526,2.147710084,2.385888594,79.07014499,76.30480917,74.2915489,74.20732305,74.24072768,74.07577055,74.07613151,56.59417096,75.16147999,58.33006478,75.37198899,59.66012913,75.05861818,60.6073119,75.42371544,61.66090251,75.58988418
Colombia,Cropland,166,23.90767727,28.69036528,18.96962912,17.60380251,18.60242752,23.09900621,23.99550439,27.9706523,31.26044224,32.78310283,33.20283798,32.83958382,32.36616415,31.94962205,31.54974722,31.16788873,30.7617316,30.37073361,30.22485859,30.03097106,29.84020235,29.53562244
Colombia,Cropland,168,1.180094584,1.400643166,1.205764716,1.17866788,1.286682254,36.86686977,35.57751745,34.63882429,34.59955354,34.61512863,34.5382165,34.5383848,26.38732901,35.04443422,27.19669861,35.14258514,27.81684809,34.99647436,28.25847702,35.16670288,28.74971917,35.24417992
EU-12,Cropland,75,0.139722064,0.150275904,0.107182442,0.109296242,0.116946026,0.082570367,0.085256909,0.087620984,0.090843559,0.091155549,0.089114705,0.088251566,0.082667133,0.090621498,0.087147711,0.092674565,0.092438803,0.094795288,0.093516364,0.095661526,0.09360275,0.095953988
Europe_Non_EU,Cropland,70,76.0183244,75.2178344,79.0740076,72.5078388,73.7234868,73.14316055,75.5229755,77.61714041,80.47178762,80.74815718,78.94032003,78.17572758,73.22887907,80.27507985,77.1979011,82.09374434,81.88490037,83.97234097,82.83943375,84.73967908,82.91595717,84.99875033
Europe_Non_EU,Cropland,75,64.8595698,67.0742066,68.60098,63.6654834,65.1272464,63.97184296,66.05325628,67.88483681,70.38154384,70.62325981,69.04210481,68.37338353,64.04681336,70.20950098,67.51816532,71.8001257,71.61746838,73.44316775,72.45231416,74.11429042,72.51924242,74.34087709
Europe_Non_EU,Cropland,99,0.425448936,0.410297752,0.261147934,0.239469934,0.244143597,0.04393724,0.056974745,0.067744431,0.067776131,0.06597314,0.063314146,0.062527452,,0.061850005,,0.063043816,,0.065398166,,0.06843955,,0.073002897
India,Cropland,89,36.11501802,37.21676422,45.76350702,45.78302902,46.71860657,5.383093792,5.362858028,5.518982196,5.70936692,5.812327347,5.829822897,5.835037704,5.831210873,5.823501749,5.82192621,5.825121137,5.832034858,5.847324536,5.832041801,5.818915906,5.812412016,5.812532292
India,Cropland,107,119.5022858,127.5129888,178.4098778,178.5909168,182.8010421,200.5952394,198.1903152,197.0051017,197.245599,196.6738818,196.520422,196.7813055,196.4415335,197.2674797,184.699668,195.833116,185.128935,192.5377785,184.8572933,189.4227591,183.383996,187.4384235
India,Cropland,110,574.0187484,579.6030688,545.876312,546.361527,559.6023703,715.2390546,706.6640969,702.4381193,703.2956323,701.2571269,700.7099533,701.6401552,700.4286697,703.3736498,658.5620689,698.2593064,660.0926563,686.5095059,659.1240954,675.4026442,653.8709308,668.3273303
India,Cropland,113,18.60082082,19.81350142,20.28591342,20.3079424,20.80091257,25.44584776,25.14077903,24.99043268,25.02094017,24.94841686,24.92895023,24.96204375,24.91894309,25.02371577,23.42946745,24.84176429,23.4839207,24.42374513,23.4494625,24.0285996,23.26257222,23.77688325
India,Cropland,117,34.55045926,35.69681346,34.95236968,34.99027922,35.97676384,44.91284942,44.37439199,44.1090252,44.16287202,44.03486575,44.00050643,44.0589177,43.98284346,44.16777107,41.35386462,43.84662007,41.4499766,43.10880099,41.38915662,42.41135472,41.05928846,41.9670662
India,Cropland,118,41.23795984,41.52118702,41.01928386,41.06298702,42.14332132,52.76976401,52.13711051,51.82532127,51.88858789,51.7381886,51.69781857,51.76644812,51.67706569,51.89434396,48.58818145,51.51701181,48.70110696,50.65012095,48.62964732,49.83066559,48.24207304,49.3086546
India,Cropland,120,17.4773922,18.16220802,24.83414644,24.86108244,25.74508795,28.31929076,27.9797725,27.81244846,27.84640097,27.76568806,27.74402318,27.78085374,27.73288599,27.84949001,26.07521303,27.64699187,26.13581535,27.18176837,26.097466,26.74200149,25.88947135,26.46186037
India,Cropland,122,47.80456866,48.48391206,63.63815124,63.70584142,66.12655126,73.87267013,72.98701516,72.55053976,72.63910704,72.42856228,72.37204806,72.46812293,72.342996,72.647165,68.01885071,72.11893573,68.17693572,70.90537065,68.07689899,69.75821079,67.53433173,69.02744487
India,Cropland,123,146.1710452,149.1125942,129.6653324,129.8015704,134.2046747,175.6458199,173.5400129,172.5022126,172.7127975,172.2121887,172.0778158,172.3062514,172.0087392,172.7319568,161.7272908,171.4759948,162.1031669,168.5905213,161.8653113,165.8629384,160.5752581,164.1254084
India,Cropland,128,12.47336024,13.21547684,19.0262152,19.046876,19.69250017,21.27630527,21.02122494,20.89551426,20.9210228,20.86038313,20.84410629,20.87177712,20.83573891,20.9233436,19.59032792,20.77120659,19.63585849,20.42168381,19.60704659,20.09128661,19.45078005,19.88081637
India,Cropland,129,28.3802766,28.5568408,24.73148264,24.7577808,25.8291008,33.71789914,33.31365729,33.11443566,33.15486066,33.05876116,33.03296622,33.07681793,33.01970591,33.15853858,31.04602479,32.91743749,31.11817995,32.36352676,31.07251992,31.83992553,30.8248745,31.5063801
India,Cropland,140,171.6065324,172.6271244,149.123557,149.2843884,152.8697231,202.8117874,200.3802892,199.1819793,199.425134,198.8470994,198.6919439,198.9557101,198.6121837,199.4472565,186.7405722,197.9970433,187.1745826,194.6652928,186.8999394,191.5158528,185.4103623,189.5095907
India,Cropland,141,0,0,0,0,0,0,0,0,0,0,0,0,0,0,0,0,0,0,0,0,0,0
India,Cropland,145,27.6272112,30.2482708,31.7686006,32.7650096,33.90891459,39.85252423,39.37473473,39.13926678,39.18704669,39.07346287,39.04297481,39.09480489,39.02730192,39.19139377,36.69452981,38.90642681,36.77981286,38.25173772,36.72584546,37.63287263,36.4331435,37.23864204
India,Cropland,147,24.6088872,28.1876564,29.98897742,31.0722238,32.57944894,37.33345846,36.88586989,36.66528579,36.71004555,36.60364132,36.57508041,36.62363432,36.5603982,36.71411784,34.37507989,36.44716356,34.45497223,35.83385716,34.40441609,35.25411035,34.13021573,34.88479895
India,Cropland,153,41.42166602,41.25624442,40.29522204,40.33900562,41.5298979,52.22349217,51.59738789,51.28882628,51.35143797,51.20259561,51.16264349,51.23056259,51.14210544,51.35713446,48.08519729,50.98370844,48.19695379,50.12579162,48.1262339,49.31481925,47.74267179,48.79821212
India,Cropland,155,28.45878226,31.69703624,31.18626708,31.21427102,32.2794215,39.47463715,39.00137812,38.76814291,38.81546976,38.70296296,38.67276399,38.72410261,38.65723972,38.81977562,36.34658727,38.53751076,36.43106165,37.88902951,36.37760598,37.27603259,36.08767946,36.88554015
India,Cropland,235,51.16802442,57.77617442,46.71448162,46.76522442,48.2436365,63.90648443,63.14031346,62.7627231,62.83934174,62.65720164,62.60831177,62.69142515,62.58317913,62.84631259,58.84240568,62.3893469,58.97916339,61.33950428,58.89262264,60.34710813,58.4232533,59.71493007
Indonesia,Cropland,158,1.26719162,1.8208844,2.4698368,2.800602,2.904394845,3.581028164,3.525864778,3.563107544,3.588011771,3.588595087,3.547028411,3.493075115,3.512407719,3.490626414,3.553896393,3.481428041,3.576364051,3.489659014,3.630640717,3.515941586,3.722937525,3.565338879
Indonesia,Cropland,163,54.2917028,77.318385,107.4973284,124.5844738,129.79923,156.9048897,154.487873,156.1196871,157.2108807,157.236439,155.4151702,153.0511743,153.8982439,152.943883,155.716095,152.5408508,156.7005289,152.9014958,159.0786934,154.0530824,163.1227332,156.2174544
Indonesia,Cropland,164,18.3057678,24.7526058,24.8621446,28.3709448,29.1249066,39.87597922,39.26171596,39.67642695,39.95374408,39.96023951,39.49738028,38.89659179,39.11186699,38.86932467,39.57385763,38.76689762,39.82404272,38.85855233,40.42843204,39.15121781,41.45618872,39.70127364
Indonesia,Cropland,165,22.1294616,32.473357,45.0882366,52.001249,54.51517571,65.56341257,64.55345128,65.23531211,65.69127225,65.70195193,64.94092659,63.95312028,64.30707213,63.90828814,65.06666936,63.73987932,65.47801946,63.89057645,66.47174619,64.37177208,68.16156639,65.27616461
Indonesia,Cropland,167,4.2387668,7.1031332,10.5421984,12.2121784,12.65625383,14.86490915,14.63592499,14.79052035,14.89389822,14.89631958,14.72377559,14.49981454,14.58006451,14.48964994,14.75228471,14.45146733,14.84554834,14.48563424,15.0708517,14.59473365,15.45397733,14.79978266
Indonesia,Cropland,175,85.2194132,97.5045968,90.8586182,103.3065928,103.7770548,152.8272464,150.4730431,152.0624496,153.1252853,153.1501794,151.3762417,149.0736813,149.8987373,148.9691783,151.6693461,148.5766201,152.6281965,148.9278927,154.9445573,150.0495519,158.8835006,152.1576761
Japan,Cropland,51,38.76971212,36.2130656,34.60100934,33.86669534,34.77838195,44.93990754,44.11296079,43.5216809,43.4500524,43.4442139,43.47733365,43.68623892,30.39980717,43.34091628,39.28720014,42.60594372,38.52816604,42.32631243,37.85427925,42.48739134,37.28627135,42.62891784
Japan,Cropland,103,0.043074258,0.044396442,0.042715082,0.048762854,0.048339504,0.006204527,0.001849712,0.001210064,0.00088484,0.000701778,0.000543558,0.000413125,0.000373801,0.000349027,0.000327938,0.000311077,0.000296039,0.00027516,0.000269004,0.000263357,0.000258468,0.000248759
Mexico,Cropland,91,0.35214927,0.403056586,0.41413901,0.41030139,0.439928572,0.596285864,0.607924452,0.641071082,0.673543517,0.705330711,0.725504951,0.74254067,0.816124289,0.761803742,0.847785315,0.781576624,0.893101385,0.802984966,0.911536397,0.802181547,0.905028885,0.804958699
Mexico,Cropland,96,16.23552526,18.44931288,17.12621732,17.2410785,17.64002234,25.59613372,26.0957311,27.51858148,28.91249141,30.27698673,31.142985,31.87425933,35.03290568,32.70114488,36.39198508,33.54991451,38.3372202,34.46888783,39.12856046,34.43440029,38.84921937,34.55361216
Mexico,Cropland,105,13.84116846,15.43391402,16.5184964,15.9606582,16.27060649,23.03708219,23.48673079,24.76732737,26.02187691,27.24995264,28.0293701,28.68753304,31.53038409,29.43174819,32.75358539,30.19565949,34.50433969,31.02275564,35.2165633,30.9917161,34.96515018,31.0990094
Mexico,Cropland,111,3.348625664,3.463681706,3.620576586,3.398576606,3.556331107,5.133800561,5.234004495,5.519384708,5.798960354,6.072636328,6.246329061,6.393000296,7.026528021,6.558848214,7.29911773,6.729085409,7.689272323,6.913403314,7.847990945,6.90648617,7.791963677,6.93039642
Mexico,Cropland,114,10.54169144,12.16035744,13.25599166,13.09546988,13.80634945,18.55957272,18.92182719,19.95352578,20.96423986,21.95362562,22.58155475,23.11179651,25.40210829,23.71136528,26.387567,24.32680205,27.79804302,24.993143,28.37183816,24.96813633,28.16928994,25.054576
Mexico,Cropland,115,6.0523669,6.50285126,7.06761906,6.8188073,7.10693426,9.90532414,10.09866092,10.64928291,11.18870538,11.71674484,12.05187332,12.33486564,13.55721493,12.65485809,14.08315851,12.98331935,14.83593565,13.33894839,15.14217259,13.32560223,15.03407173,13.37173545
Mexico,Cropland,130,9.38816828,10.21968446,11.24524346,10.80707026,11.25955601,15.62471567,15.92968622,16.79824054,17.64912868,18.48206117,19.01069478,19.45708851,21.38522936,19.96184644,22.2148558,20.47996313,23.40229082,21.04093445,23.88535075,21.01988213,23.71483183,21.09265295
Mexico,Cropland,131,22.958579,25.070743,27.39617784,26.36842922,26.93458136,38.00750041,38.74934869,40.86212818,42.93193423,44.95806274,46.24397686,47.32984044,52.02008989,48.55767637,54.03817636,49.81800782,56.9266409,51.18258417,58.10169592,51.13137389,57.6869045,51.30839067
Mexico,Cropland,132,14.80860862,15.81613886,16.75343944,16.16950184,16.70985283,23.69629335,24.15880875,25.47604987,26.76649862,28.02971602,28.83143667,29.5084331,32.43263294,30.27394412,33.69083642,31.05971491,35.49168894,31.9104786,36.22429298,31.87855086,35.96568562,31.98891438
Mexico,Cropland,133,14.92159896,15.36216456,16.22026322,15.23703162,15.67248056,22.85659255,23.30271828,24.57328171,25.81800217,27.03645625,27.80976717,28.46277358,31.28335161,29.20115798,32.49696944,29.95908423,34.23400703,30.7797003,34.94065055,30.74890395,34.69120719,30.85535663
Mexico,Cropland,134,22.2906002,23.4605754,24.87287644,23.60113744,24.61366129,35.08754708,35.77240233,37.72286603,39.63365775,41.5041275,42.69125035,43.69369168,48.02360937,44.82719824,49.88665491,45.99070382,52.5532111,47.25044562,53.63799168,47.20316961,53.2550669,47.36658695
Mexico,Cropland,136,10.12555732,10.5022081,10.71790474,10.23768148,10.79427637,15.46466056,15.76650708,16.62616418,17.46833606,18.29273623,18.81595468,19.25777567,21.1661652,19.75736301,21.98729318,20.27017226,23.16256446,20.82539715,23.64067607,20.80456048,23.47190389,20.87658586
Mexico,Cropland,217,0.510443082,0.53711318,0.461557564,0.521738544,0.544263855,6.322459446,6.309675843,6.285652986,6.277889074,6.288368045,6.315529633,6.374468944,6.380036985,6.446570188,5.757286228,6.512025555,5.845378139,6.530358379,5.867503907,6.545242416,5.949467277,6.568846693
Mexico,Cropland,221,0.74379385,0.748566306,0.578341344,0.618785144,0.635635923,8.163884946,8.147378099,8.11635855,8.106333388,8.119864374,8.154936814,8.231042285,8.238232026,8.324143122,7.434104206,8.408662459,7.547853015,8.432334745,7.576422945,8.451553779,7.682258265,8.482032837
Mexico,Cropland,231,6.36614126,5.96730424,5.87324504,5.92173584,6.13582138,74.30518175,74.15494149,73.87261105,73.78136509,73.90451998,74.2237386,74.9164273,74.98186612,75.76380261,67.66294085,76.53307175,68.69824768,76.74852965,68.95828244,76.92345541,69.92156313,77.20086647
Middle East,Cropland,75,14.88411502,14.92608018,15.1128392,15.0375726,15.43520397,16.80925792,17.35617062,17.83743719,18.49347257,18.55698592,18.14152123,17.96580785,16.82895716,18.44826654,17.7410905,18.86621951,18.81822442,19.29794566,19.03758871,19.47429002,19.0551748,19.533828
Middle East,Cropland,93,11.20514442,17.0647828,13.633098,13.380881,14.3986617,2.223313052,2.883037143,3.428004981,3.429609105,3.338374078,3.203823625,3.164015312,,3.129735159,,3.190144388,,3.309279245,,3.463179441,,3.694093995
Middle East,Cropland,94,8.594361224,12.4812566,14.385076,13.571287,14.42356942,2.024631946,2.625401356,3.121669433,3.123130209,3.040048184,2.917521513,2.881270576,,2.850053788,,2.905064689,,3.013553342,,3.153700611,,3.363980033
Middle East,Cropland,99,10.02731142,12.50466978,11.1681736,11.1126738,11.51672401,1.797267714,2.330571294,2.77110894,2.772405672,2.698653679,2.589886637,2.557706645,,2.529995472,,2.578828702,,2.675134183,,2.799543047,,2.986208291
Middle East,Cropland,102,0.032200626,0.052568398,0.070919,0.0691212,0.074830352,0.050486865,0.050297078,0.051761333,0.05354691,0.054512553,0.05467664,0.054725549,0.054689658,0.054617355,0.054602579,0.054632543,0.054697385,0.054840784,0.054697451,0.054574346,0.054513347,0.054514475
Middle East,Cropland,104,0.008231802,0.0134402,0.0181398,0.017682,0.018983911,0.012885881,0.012837441,0.013211167,0.013666904,0.013913367,0.013955247,0.01396773,0.01395857,0.013940116,0.013936344,0.013943992,0.013960542,0.013997142,0.013960559,0.013929138,0.01391357,0.013913858
Pakistan,Cropland,85,0.0001428,0.0001564,0.0005002,0.0005076,0.000587108,0.003276007,0.003175527,0.003142037,0.003163728,0.003159857,0.003184613,0.003196997,0.003044868,0.003176683,0.002836589,0.003136165,0.002787854,0.003116854,0.002748162,0.003029001,0.002697811,0.002955058
Pakistan,Cropland,89,126.0283146,149.0264768,156.6407071,151.9661612,149.6463714,153.4861817,152.9092068,157.360718,162.7890879,165.7247609,166.2236051,166.372293,166.2631799,166.0433725,165.9984497,166.0895455,166.2866739,166.7226229,166.2868719,165.9126181,165.727175,165.7306044
Pakistan,Cropland,102,0.593291624,0.690049462,0.771138568,0.801918888,0.801117377,0.765542077,0.762664302,0.784867077,0.811942124,0.826584362,0.829072444,0.829814054,0.829269831,0.828173499,0.827949438,0.828403796,0.829387012,0.831561392,0.829388,0.827521336,0.826596403,0.826613508
Pakistan,Cropland,104,2.553286424,3.005828442,3.360099104,3.473165222,3.452856151,3.316511709,3.304044501,3.400232243,3.517527833,3.580961516,3.591740484,3.594953314,3.592595612,3.587846039,3.586875353,3.58884374,3.593103268,3.602523203,3.593107546,3.585020712,3.58101368,3.581087782
Pakistan,Cropland,107,21.900804,26.5645202,29.62763061,28.90233361,28.35155181,283.8933326,280.4897527,278.8123738,279.1527387,278.3436133,278.1264286,278.4956452,278.0147813,279.1837055,261.3970522,277.1537157,262.0045743,272.4899742,261.6201323,268.0814286,259.5350414,265.2730886
Russia,Cropland,42,0.1239586,0.1417562,0.2247068,0.2236608,0.231359698,0.846422997,0.820462026,0.811809195,0.817413607,0.81641344,0.822809701,0.826009306,0.786703731,0.820760626,0.732890492,0.81029215,0.720298841,0.805302692,0.710043615,0.782604098,0.697034276,0.763499348
Russia,Cropland,70,0.0008918,0.00129,0.0015828,0.0015136,0.001556892,0.000979855,0.001011736,0.00103979,0.001078032,0.001081735,0.001057516,0.001047273,0.000981003,0.001075397,0.001034174,0.001099761,0.001096963,0.001124927,0.00110975,0.001135207,0.001110775,0.001138677
South Africa,Cropland,194,41.6811828,45.7050324,35.4248288,32.8354492,36.81798395,75.20811088,79.96903349,82.94770417,85.98115014,87.70778339,88.57235055,89.91965792,74.27609488,90.89047953,74.33527835,93.4802309,76.92858347,95.77992782,77.92325329,96.66945783,79.18720072,97.0645212
South Africa,Cropland,198,11.919385,12.7187722,10.9191948,10.58565898,11.74398516,22.62013068,24.0520599,24.94794625,25.86030721,26.3796218,26.63965522,27.04488105,22.33981086,27.33687232,22.35761131,28.11578451,23.13759235,28.80745784,23.43675638,29.07499927,23.81691027,29.19382136
South Africa,Cropland,199,11.0609028,11.1043242,7.9992102,7.7508274,8.943678639,18.31076909,19.46990144,20.19511246,20.93365952,21.35403948,21.56453393,21.89256017,18.08385301,22.12892417,18.09826229,22.75944579,18.72964913,23.31934842,18.97181941,23.53592052,19.27955017,23.63210581
South Africa,Cropland,204,3.70027976,4.3299008,4.0127312,3.745644996,4.137775849,7.786485351,8.279395673,8.58778496,8.901845269,9.080607963,9.170118782,9.30960891,7.689991384,9.41012052,7.696118799,9.678244009,7.964610217,9.91633743,8.067590891,10.00843271,8.198450555,10.04933462
South America_Northern,Cropland,156,11.19846768,13.84516702,13.43227182,13.84575722,15.15015716,576.5519173,556.3880531,541.7080614,541.0939159,541.3374908,540.1346809,540.1373129,412.6649544,548.0512955,425.3224866,549.5862537,435.020852,547.3012631,441.9273784,549.963425,449.6097935,551.1750694
South America_Northern,Cropland,166,0.003435012,0.005503611,0.005443817,0.005589214,0.005928608,0.008044004,0.008356201,0.009740508,0.010886145,0.011416397,0.011562566,0.011436066,0.011271202,0.011126145,0.010986893,0.010853914,0.010712474,0.010576313,0.010525513,0.010457994,0.010391561,0.010285494
South America_Northern,Cropland,168,0.060489906,0.0960311,0.226492942,0.24503696,0.268919154,7.664678411,7.396620097,7.201464359,7.193299912,7.196537995,7.180547846,7.180582836,5.485965916,7.285791282,5.654235088,7.306197009,5.783165111,7.275820355,5.874980439,7.311211122,5.977110429,7.327318717
South America_Southern,Cropland,168,24.50692624,30.82722264,41.60651702,46.64976202,49.26520763,286.8311184,276.799717,269.4965092,269.1909755,269.3121526,268.7137619,268.7150713,205.298338,272.6522301,211.5953843,273.4158626,216.4202629,272.2790935,219.8562183,273.6035031,223.6781737,274.2062889
South America_Southern,Cropland,195,0.5103845,0.85333744,1.2764469,1.40312268,1.511782898,8.2619738,7.973026157,7.762662263,7.753861574,7.757351995,7.740115762,7.740153478,5.913477935,7.85356064,6.094860039,7.875556551,6.233837359,7.842812695,6.332807701,7.880961405,6.442896508,7.898324238
South America_Southern,Cropland,206,25.5323898,34.855083,53.7272694,61.0788668,64.38690683,356.3242895,343.8624896,334.7898676,334.4103095,334.5608452,333.817477,333.8191036,255.0378244,338.7101536,262.8605131,339.6587982,268.8543587,338.2466138,273.1227741,339.8919,277.8707093,340.6407282
South America_Southern,Cropland,212,0.002999204,0.004289002,0.005055604,0.005573404,0.005768376,0.01566109,0.015826763,0.016087416,0.016461303,0.0167766,0.016830884,0.016576112,0.014456412,0.016617095,0.013895782,0.016125893,0.013378346,0.015676034,0.012961121,0.015457788,0.012720405,0.015250174
South America_Southern,Cropland,213,0.001881002,0.003601402,0.004055206,0.004418006,0.004776073,0.012385533,0.012516555,0.012722692,0.01301838,0.013267732,0.013310662,0.013109176,0.011432817,0.013141588,0.010989444,0.012753122,0.010580231,0.012397352,0.01025027,0.012224752,0.0100599,0.012060562
South America_Southern,Cropland,215,0.041803402,0.0297388,0.021028646,0.027519202,0.029508928,0.098915968,0.099962362,0.101608657,0.103970142,0.105961569,0.106304427,0.104695279,0.091307181,0.104954128,0.087766222,0.101851682,0.084498078,0.099010353,0.081862875,0.097631905,0.080342503,0.096320609
South Asia,Cropland,89,2.703494004,2.702044044,3.343014204,3.347640004,3.270176185,4.779764252,4.761796484,4.900422476,5.069469149,5.160889918,5.176424591,5.18105493,5.177657004,5.170811908,5.169412953,5.172249798,5.178388638,5.191964671,5.178394804,5.16674004,5.160965097,5.161071893
South Asia,Cropland,102,0.0004632,0.0004624,0.000576202,0.000577002,0.000549242,0.000817463,0.00081439,0.000838099,0.00086701,0.000882646,0.000885302,0.000886094,0.000885513,0.000884342,0.000884103,0.000884588,0.000885638,0.00088796,0.000885639,0.000883646,0.000882658,0.000882677
South Asia,Cropland,110,75.98937682,80.30851022,76.48840382,75.71646642,77.95819868,1204.661662,1190.219047,1183.101324,1184.545615,1181.112204,1180.190611,1181.75733,1179.716851,1184.677018,1109.201842,1176.06304,1111.779777,1156.273105,1110.148451,1137.566058,1101.300659,1125.64926
Southeast Asia,Cropland,66,1.8373826,2.0786824,3.71884598,3.15854038,3.24825928,7.714731104,7.478109564,7.39924325,7.450324721,7.441208688,7.499507472,7.528670311,7.170419243,7.480831165,6.679937924,7.385416131,6.565171186,7.339939663,6.471699827,7.13305309,6.353126073,6.958922657
Southeast Asia,Cropland,108,0.3926578,0.4921188,1.74328098,1.929304378,1.974782324,3.588860215,3.478784878,3.442096602,3.465859486,3.461618746,3.488739094,3.502305523,3.335648644,3.480050955,3.107478813,3.435664285,3.054089813,3.414508825,3.010607333,3.318266068,2.955447325,3.237261329
Southeast Asia,Cropland,110,0.0133552,0.0168046,0.063254998,0.070565398,0.072343538,0.157461779,0.155573979,0.154643619,0.154832402,0.15438362,0.154263158,0.154467945,0.154201233,0.154849578,0.14498419,0.153723642,0.145321152,0.151136892,0.145107921,0.148691687,0.143951423,0.147134038
Southeast Asia,Cropland,112,0.2866458,0.2942044,0.574185598,0.6166488,0.633442391,1.321413642,1.280884046,1.267375471,1.276124934,1.274563499,1.284549175,1.289544317,1.228181472,1.281350214,1.144169638,1.2650071,1.124511878,1.257217688,1.108501686,1.22178123,1.088191843,1.191955391
Southeast Asia,Cropland,127,6.9739444,7.4592298,11.3181148,12.5622452,12.90629009,28.14095673,27.27783443,26.99015446,27.1764839,27.14323142,27.35588739,27.46226442,26.15547515,27.28776198,24.36635076,26.9397174,23.94771714,26.77383329,23.60676249,26.01917496,23.17424205,25.38400092
Southeast Asia,Cropland,158,0.0020782,0.0047514,0.006589798,0.007364,0.007503099,0.00439173,0.004324079,0.004369753,0.004400295,0.00440101,0.004350033,0.004283866,0.004307575,0.004280863,0.004358456,0.004269582,0.00438601,0.004279676,0.004452575,0.004311909,0.004565766,0.004372489
Southeast Asia,Cropland,165,0.1492446,0.3507446,0.732554598,0.742107398,0.785824324,0.428588385,0.421986262,0.42644359,0.429424204,0.429494017,0.424519191,0.418061895,0.42037568,0.417768827,0.425341172,0.416667938,0.42803017,0.417653046,0.434526167,0.420798624,0.44557253,0.426710643
Southeast Asia,Cropland,167,0.298888,0.4640998,0.982558,1.1696964,1.212922906,0.640934361,0.631061189,0.637726919,0.642184291,0.642288694,0.634849067,0.625192477,0.628652637,0.624754207,0.636078303,0.623107878,0.640099576,0.624581062,0.649814043,0.629285131,0.666333376,0.638126285
Southeast Asia,Cropland,175,0.9508508,1.438991,2.0306762,2.0452946,2.01130449,1.31614785,1.295873457,1.309561422,1.31871456,1.318928948,1.303651802,1.283822157,1.290927537,1.282922178,1.306176015,1.279541468,1.314433632,1.282566626,1.334382126,1.292226352,1.368304296,1.310381512
USA,Cropland,7,0,0,0,0,0,0,0,0,0,0,0,0,0,0,0,0,0,0,0,0,0,0
USA,Cropland,23,35.7278456,45.9768852,65.229582,63.95134542,64.58477346,19.05276533,19.57026078,20.30544447,21.1423503,21.83201635,22.34344226,23.01132764,23.10869224,23.80743792,23.76825567,25.43540149,24.84419188,27.07749312,26.03718491,28.69223696,27.13782454,30.06042229
USA,Cropland,27,0.0168848,0.0122908,0.0122098,0.010522,0.011370114,0.004376555,0.004495428,0.004664305,0.004856548,0.005014969,0.005132447,0.005285865,0.005308231,0.005468738,0.005459737,0.005842692,0.005706887,0.006219892,0.005980926,0.006590811,0.006233751,0.006905092
USA,Cropland,96,0.0809404,0.0725516,0.070808,0.065041004,0.070257927,0.014850061,0.015139912,0.015965404,0.016774106,0.017565743,0.018068168,0.01849243,0.020324976,0.018972162,0.02111347,0.019464591,0.022242034,0.01999775,0.022701144,0.019977742,0.022539079,0.020046905
USA,Cropland,217,33.9594612,31.6591496,31.3212576,28.7420594,30.29294771,53.56229174,53.45399225,53.25047663,53.18470272,53.27347793,53.5035841,54.00290317,54.05007421,54.61372683,48.77428589,55.1682483,49.52057848,55.32355939,49.70802244,55.44965322,50.40239557,55.64962274
USA,Cropland,218,226.997716,220.0223092,246.6918796,248.1074802,249.043461,408.9462676,408.1194047,406.5655699,406.0633883,406.741184,408.4980368,412.3103208,412.6704701,416.9739386,372.3900065,421.2076911,378.0879249,422.393486,379.5190532,423.356208,384.8205683,424.8829685
USA,Cropland,219,63.7509492,63.0979808,68.5842838,66.2619868,66.680557,112.7653288,112.5373247,112.1088608,111.9703862,112.1572857,112.6417309,113.6929533,113.7922631,114.9789276,102.6850833,116.1463683,104.2562619,116.4733465,104.6508899,116.7388134,106.1127619,117.1598116
USA,Cropland,220,4.6394562,3.7524732,3.521033,2.9931638,3.336730291,6.264657679,6.251990946,6.228187713,6.220494782,6.230877951,6.257791219,6.31619169,6.321708826,6.387633764,5.704651438,6.452490718,5.791937987,6.470655939,5.813861475,6.485403901,5.895075512,6.508792381
USA,Cropland,221,4.9011092,4.3654094,4.0934008,3.41301742,3.756594557,7.04990945,7.03565499,7.008868109,7.000210897,7.011895558,7.042182306,7.10790306,7.114111749,7.188300135,6.41970849,7.26128667,6.517936087,7.281728834,6.542607603,7.298325399,6.63400152,7.324645539
USA,Cropland,222,6.656581,6.744056,5.9572886,4.9393772,5.63832386,10.2799939,10.25920842,10.22014849,10.20752477,10.22456303,10.26872638,10.36455867,10.37361201,10.48179158,9.361051312,10.58821864,9.504284228,10.61802687,9.540259589,10.64222755,9.673527813,10.68060689
USA,Cropland,223,263.5485926,319.2048604,310.194663,304.4999682,314.2861302,519.1345642,518.0849077,516.1124007,515.4749091,516.3353331,518.56556,523.4050428,523.8622324,529.3252465,472.7284219,534.69976,479.9616128,536.2050607,481.7783506,537.4271829,488.5083294,539.3653205
USA,Cropland,224,140.8209378,118.4076048,103.007378,98.4057182,102.6692364,193.4428307,193.0517018,192.3166952,192.0791495,192.3997655,193.2308052,195.0341204,195.2044809,197.2401399,176.1507139,199.2428212,178.845986,199.8037348,179.522949,200.2591288,182.0307114,200.9813285
USA,Cropland,225,67.8709632,54.7917384,49.2533374,42.4605934,44.56284941,88.92068048,88.74088862,88.40302504,88.29383141,88.44121032,88.82321781,89.6521553,89.73046565,90.66620557,80.97194034,91.58678652,82.21088742,91.84462404,82.52206986,92.05395692,83.67482357,92.38593349
USA,Cropland,226,54.4646892,49.9819836,53.112569,49.9730306,50.68359032,88.67218727,88.49289785,88.15597844,88.04708996,88.19405702,88.57499697,89.40161795,89.47970945,90.41283441,80.74566028,91.33084275,81.98114506,91.58795973,82.29145788,91.79670762,83.44099017,92.12775647
USA,Cropland,227,66.8554908,61.8154688,65.2722748,64.0955044,64.9593294,22.33998894,22.94676923,23.8087961,24.79009548,25.59875143,26.19841499,26.98153238,27.09569556,27.91499766,27.8690552,29.82383806,29.13062551,31.74924407,30.52944875,33.64258391,31.81998463,35.24682584
USA,Cropland,228,104.2058824,97.5136424,108.546904,110.4817568,111.7088129,182.8475067,182.4778009,181.7830523,181.5585176,181.8615727,182.6470943,184.3516376,184.5126671,186.4368282,166.5025202,188.3298179,169.0501659,188.8600089,169.69005,189.2904599,172.0604563,189.973103
USA,Cropland,229,59.1762952,50.6746182,42.8716586,39.36708362,41.38575069,80.17623214,80.01412099,79.70948287,79.61102733,79.74391302,80.08835394,80.83577382,80.90638314,81.75010252,73.00917009,82.58015366,74.12627927,82.81263546,74.40686007,83.00138258,75.44625213,83.30071262
USA,Cropland,230,9.7182124,7.6687776,8.2514376,7.83692304,8.116580078,14.28280753,14.25392862,14.19965958,14.18212044,14.20579305,14.26715268,14.40030005,14.41287858,14.563181,13.00604801,14.71104852,13.20505282,14.75246344,13.25503623,14.78608736,13.4401963,14.83941081
USA,Cropland,231,5.4858492,4.5001004,3.8731434,3.2058752,3.517887142,7.068221078,7.053929592,7.027073135,7.018393436,7.030108447,7.060473862,7.126365322,7.132590137,7.206971222,6.436383216,7.280147334,6.534865952,7.300642595,6.55960155,7.317282269,6.651232857,7.343670774
USA,Cropland,232,3.6233266,2.6656302,2.503857,2.2156722,2.327196934,4.579517935,4.570258447,4.552858081,4.547234483,4.554824667,4.574498495,4.617189735,4.621222808,4.669414497,4.170148621,4.716825482,4.233955829,4.730104412,4.249982084,4.740885298,4.309350235,4.757982475
USA,Cropland,233,36.1311802,30.656827,31.048529,29.4059448,30.25674885,54.0857601,53.97640219,53.77089759,53.70448087,53.79412369,54.0264787,54.53067765,54.5783097,55.14747095,49.2509607,55.70741179,50.00454686,55.86424075,50.19382273,55.9915669,50.89498202,56.19349074
USA,Cropland,234,0,0,0,0,0,0,0,0,0,0,0,0,0,0,0,0,0,0,0,0,0,0
